Cohort Date,Split 1,Split 2,Cohort Date.1,First Deposit C,First Deposit S,Deposit APPC,First Deposit 2 Deposit Conversion,24h First Deposit 2 Deposit Conversion,7D First Deposit 2 Deposit Conversion,1D Deposit S,1D Deposit C,3D Deposit S,7D Deposit S,7D Deposit C,14D Deposit S,28D Deposit S,Marketing Spend,1D CNGR,3D CNGR,7D CNGR,14D CNGR,28D CNGR,Mono Instant Depositor Share
2025-11-20,,Australia,,,,,,,,,,,,,,,,,,,,,
2025-11-20,,Austria,,,,,,,,,,,,,,,,,,,,,
2025-11-20,,Belarus,,,,,,,,,,,,,,,,,,,,,
2025-11-20,,Belgium,,,,,,,,,,,,,,,,,,,,,
2025-11-20,,Canada,,,,,,,,,,,,,,,,,,,,,
2025-11-20,,China,,,,,,,,,,,,,,,,,,,,,
2025-11-20,,Country 1,,,,,,,,,,,,,,,,,,,,,
2025-11-20,,Country 3,,,,,,,,,,,,,,,,,,,,,
2025-11-20,,Country 4,,,,,,,,,,,,,,,,,,,,,
2025-11-20,,Croatia,,,,,,,,,,,,,,,,,,,,,
2025-11-20,,Czech Republic,,,,,,,,,,,,,,,,,,,,,
2025-11-20,,Denmark,,,,,,,,,,,,,,,,,,,,,
2025-11-20,,Finland,,,,,,,,,,,,,,,,,,,,,
2025-11-20,,Germany,,,,,,,,,,,,,,,,,,,,,
2025-11-20,,Greece,,,,,,,,,,,,,,,,,,,,,
2025-11-20,,Hungary,,,,,,,,,,,,,,,,,,,,,
2025-11-20,,Ireland,,,,,,,,,,,,,,,,,,,,,
2025-11-20,,Italy,,,,,,,,,,,,,,,,,,,,,
2025-11-20,,Kazakhstan,,,,,,,,,,,,,,,,,,,,,
2025-11-20,,Latvia,,,,,,,,,,,,,,,,,,,,,
2025-11-20,,New Zealand,,,,,,,,,,,,,,,,,,,,,
2025-11-20,,Norway,,,,,,,,,,,,,,,,,,,,,
2025-11-20,,Poland,,,,,,,,,,,,,,,,,,,,,
2025-11-20,,Portugal,,,,,,,,,,,,,,,,,,,,,
2025-11-20,,Romania,,,,,,,,,,,,,,,,,,,,,
2025-11-20,,Russia,,,,,,,,,,,,,,,,,,,,,
2025-11-20,,Slovakia,,,,,,,,,,,,,,,,,,,,,
2025-11-20,,Slovenia,,,,,,,,,,,,,,,,,,,,,
2025-11-20,,Switzerland,,,,,,,,,,,,,,,,,,,,,
2025-11-20,,Ukraine,,,,,,,,,,,,,,,,,,,,,
2025-11-20,,United Arab Emirates,,,,,,,,,,,,,,,,,,,,,
2025-11-20,,United States,,,,,,,,,,,,,,,,,,,,,
2025-11-20,044agency,Australia,,,,,,,,,,,,,,,,,,,,,
2025-11-20,044agency,Belgium,,,,,,,,,,,,,,,,,,,,,
2025-11-20,044agency,Canada,,,,,,,,,,,,,,,,,,,,,
2025-11-20,044agency,Colombia,,,,,,,,,,,,,,,,,,,,,
2025-11-20,044agency,Country 1,,,,,,,,,,,,,,,,,,,,,
2025-11-20,044agency,Country 2,,,,,,,,,,,,,,,,,,,,,
2025-11-20,044agency,Country 3,,,,,,,,,,,,,,,,,,,,,
2025-11-20,044agency,Finland,,,,,,,,,,,,,,,,,,,,,
2025-11-20,044agency,Germany,,,,,,,,,,,,,,,,,,,,,
2025-11-20,044agency,Hungary,,,,,,,,,,,,,,,,,,,,,
2025-11-20,044agency,Ireland,,,,,,,,,,,,,,,,,,,,,
2025-11-20,044agency,Laos,,,,,,,,,,,,,,,,,,,,,
2025-11-20,044agency,Malaysia,,,,,,,,,,,,,,,,,,,,,
2025-11-20,044agency,New Zealand,,,,,,,,,,,,,,,,,,,,,
2025-11-20,044agency,Norway,,,,,,,,,,,,,,,,,,,,,
2025-11-20,044agency,Poland,,,,,,,,,,,,,,,,,,,,,
2025-11-20,044agency,Portugal,,,,,,,,,,,,,,,,,,,,,
2025-11-20,044agency,Romania,,,,,,,,,,,,,,,,,,,,,
2025-11-20,044agency,Serbia,,,,,,,,,,,,,,,,,,,,,
2025-11-20,044agency,Seychelles,,,,,,,,,,,,,,,,,,,,,
2025-11-20,044agency,Singapore,,,,,,,,,,,,,,,,,,,,,
2025-11-20,044agency,South Africa,,,,,,,,,,,,,,,,,,,,,
2025-11-20,044agency,Switzerland,,,,,,,,,,,,,,,,,,,,,
2025-11-20,AcePartners,Algeria,,,,,,,,,,,,,,,,,,,,,
2025-11-20,AcePartners,Austria,,,,,,,,,,,,,,,,,,,,,
2025-11-20,AcePartners,Bangladesh,,,,,,,,,,,,,,,,,,,,,
2025-11-20,AcePartners,Belgium,,,,,,,,,,,,,,,,,,,,,
2025-11-20,AcePartners,Canada,,,,,,,,,,,,,,,,,,,,,
2025-11-20,AcePartners,Country 1,,,,,,,,,,,,,,,,,,,,,
2025-11-20,AcePartners,Country 3,,,,,,,,,,,,,,,,,,,,,
2025-11-20,AcePartners,Country 4,,,,,,,,,,,,,,,,,,,,,
2025-11-20,AcePartners,Croatia,,,,,,,,,,,,,,,,,,,,,
2025-11-20,AcePartners,Germany,,,,,,,,,,,,,,,,,,,,,
2025-11-20,AcePartners,Greece,,,,,,,,,,,,,,,,,,,,,
2025-11-20,AcePartners,Guinea-Bissau,,,,,,,,,,,,,,,,,,,,,
2025-11-20,AcePartners,Italy,,,,,,,,,,,,,,,,,,,,,
2025-11-20,AcePartners,Ivory Coast,,,,,,,,,,,,,,,,,,,,,
2025-11-20,AcePartners,Malta,,,,,,,,,,,,,,,,,,,,,
2025-11-20,AcePartners,Mexico,,,,,,,,,,,,,,,,,,,,,
2025-11-20,AcePartners,Norway,,,,,,,,,,,,,,,,,,,,,
2025-11-20,AcePartners,Poland,,,,,,,,,,,,,,,,,,,,,
2025-11-20,AcePartners,Portugal,,,,,,,,,,,,,,,,,,,,,
2025-11-20,AcePartners,Russia,,,,,,,,,,,,,,,,,,,,,
2025-11-20,AcePartners,Switzerland,,,,,,,,,,,,,,,,,,,,,
2025-11-20,AcePartners,Tunisia,,,,,,,,,,,,,,,,,,,,,
2025-11-20,AcePartners,United States,,,,,,,,,,,,,,,,,,,,,
2025-11-20,AcePartners,Uzbekistan,,,,,,,,,,,,,,,,,,,,,
2025-11-20,Ads2Bets,Canada,,,,,,,,,,,,,,,,,,,,,
2025-11-20,Ads2Bets,Country 1,,,,,,,,,,,,,,,,,,,,,
2025-11-20,Ads2Bets,Country 2,,,,,,,,,,,,,,,,,,,,,
2025-11-20,Ads2Bets,Country 3,,,,,,,,,,,,,,,,,,,,,
2025-11-20,Ads2Bets,Finland,,,,,,,,,,,,,,,,,,,,,
2025-11-20,Ads2Bets,Germany,,,,,,,,,,,,,,,,,,,,,
2025-11-20,Ads2Bets,Italy,,,,,,,,,,,,,,,,,,,,,
2025-11-20,Ads2Bets,Norway,,,,,,,,,,,,,,,,,,,,,
2025-11-20,Ads2Bets,Poland,,,,,,,,,,,,,,,,,,,,,
2025-11-20,Ads2Bets,Ukraine,,,,,,,,,,,,,,,,,,,,,
2025-11-20,Ads2Bets,United States,,,,,,,,,,,,,,,,,,,,,
2025-11-20,AdvertiseCrash,Austria,2025-11-20,0.0,0.0,,,,,0.0,0.0,0.0,0.0,0.0,0.0,0.0,0.0,0.0,0.0,0.0,0.0,0.0,
2025-11-20,AdvertiseCrash,Country 1,,,,,,,,,,,,,,,,,,,,,
2025-11-20,AdvertiseCrash,Country 3,,,,,,,,,,,,,,,,,,,,,
2025-11-20,AdvertiseCrash,Germany,,,,,,,,,,,,,,,,,,,,,
2025-11-20,AdvertiseCrash,Italy,,,,,,,,,,,,,,,,,,,,,
2025-11-20,AdvertiseCrash,Portugal,,,,,,,,,,,,,,,,,,,,,
2025-11-20,AdvertiseSlots,Country 1,,,,,,,,,,,,,,,,,,,,,
2025-11-20,AdvertiseSlots,Finland,,,,,,,,,,,,,,,,,,,,,
2025-11-20,AdvertiseSlots,Greece,,,,,,,,,,,,,,,,,,,,,
2025-11-20,AdvertiseSlots,Poland,,,,,,,,,,,,,,,,,,,,,
2025-11-20,AdvertiseSlots,Portugal,,,,,,,,,,,,,,,,,,,,,
2025-11-20,AdvertiseSlots,Switzerland,,,,,,,,,,,,,,,,,,,,,
2025-11-20,AdvertiseSlots,United States,,,,,,,,,,,,,,,,,,,,,
2025-11-20,AffNet,Belgium,,,,,,,,,,,,,,,,,,,,,
2025-11-20,AffNet,Country 1,,,,,,,,,,,,,,,,,,,,,
2025-11-20,AffNet,Country 3,,,,,,,,,,,,,,,,,,,,,
2025-11-20,AffNet,Country 4,,,,,,,,,,,,,,,,,,,,,
2025-11-20,AffNet,United States,,,,,,,,,,,,,,,,,,,,,
2025-11-20,AffRain,Austria,,,,,,,,,,,,,,,,,,,,,
2025-11-20,AffRain,Belgium,,,,,,,,,,,,,,,,,,,,,
2025-11-20,AffRain,Country 1,,,,,,,,,,,,,,,,,,,,,
2025-11-20,AffRain,Country 3,,,,,,,,,,,,,,,,,,,,,
2025-11-20,AffRain,Hungary,,,,,,,,,,,,,,,,,,,,,
2025-11-20,AffRain,Poland,,,,,,,,,,,,,,,,,,,,,
2025-11-20,AffRain,Portugal,,,,,,,,,,,,,,,,,,,,,
2025-11-20,AffRain,Ukraine,,,,,,,,,,,,,,,,,,,,,
2025-11-20,AlexyAlex,Country 1,,,,,,,,,,,,,,,,,,,,,
2025-11-20,AlexyAlex,Germany,,,,,,,,,,,,,,,,,,,,,
2025-11-20,AlexyAlex,Serbia,,,,,,,,,,,,,,,,,,,,,
2025-11-20,Art_PC,Country 3,,,,,,,,,,,,,,,,,,,,,
2025-11-20,bigtraff,Country 1,,,,,,,,,,,,,,,,,,,,,
2025-11-20,bigtraff,Country 3,,,,,,,,,,,,,,,,,,,,,
2025-11-20,bigtraff,Country 4,,,,,,,,,,,,,,,,,,,,,
2025-11-20,bigtraff,Germany,,,,,,,,,,,,,,,,,,,,,
2025-11-20,bigtraff,Italy,,,,,,,,,,,,,,,,,,,,,
2025-11-20,bigtraff,Mayotte,,,,,,,,,,,,,,,,,,,,,
2025-11-20,bigtraff,Poland,,,,,,,,,,,,,,,,,,,,,
2025-11-20,bigtraff,Reunion,,,,,,,,,,,,,,,,,,,,,
2025-11-20,bigtraff,Syria,,,,,,,,,,,,,,,,,,,,,
2025-11-20,bulls,Albania,,,,,,,,,,,,,,,,,,,,,
2025-11-20,bulls,Andorra,,,,,,,,,,,,,,,,,,,,,
2025-11-20,bulls,Australia,,,,,,,,,,,,,,,,,,,,,
2025-11-20,bulls,Austria,,,,,,,,,,,,,,,,,,,,,
2025-11-20,bulls,Canada,,,,,,,,,,,,,,,,,,,,,
2025-11-20,bulls,Country 1,,,,,,,,,,,,,,,,,,,,,
2025-11-20,bulls,Country 3,,,,,,,,,,,,,,,,,,,,,
2025-11-20,bulls,Country 4,,,,,,,,,,,,,,,,,,,,,
2025-11-20,bulls,Denmark,,,,,,,,,,,,,,,,,,,,,
2025-11-20,bulls,Germany,,,,,,,,,,,,,,,,,,,,,
2025-11-20,bulls,Ireland,,,,,,,,,,,,,,,,,,,,,
2025-11-20,bulls,Italy,,,,,,,,,,,,,,,,,,,,,
2025-11-20,bulls,Poland,,,,,,,,,,,,,,,,,,,,,
2025-11-20,bulls,Portugal,,,,,,,,,,,,,,,,,,,,,
2025-11-20,bulls,Reunion,,,,,,,,,,,,,,,,,,,,,
2025-11-20,bulls,Singapore,,,,,,,,,,,,,,,,,,,,,
2025-11-20,bulls,Sweden,,,,,,,,,,,,,,,,,,,,,
2025-11-20,bulls,Switzerland,,,,,,,,,,,,,,,,,,,,,
2025-11-20,bulls,Ukraine,,,,,,,,,,,,,,,,,,,,,
2025-11-20,bulls,United States,,,,,,,,,,,,,,,,,,,,,
2025-11-20,Bulls2,Canada,,,,,,,,,,,,,,,,,,,,,
2025-11-20,Bulls2,Country 1,,,,,,,,,,,,,,,,,,,,,
2025-11-20,Bulls2,Country 3,,,,,,,,,,,,,,,,,,,,,
2025-11-20,Bulls2,Country 4,,,,,,,,,,,,,,,,,,,,,
2025-11-20,Bulls2,Czech Republic,,,,,,,,,,,,,,,,,,,,,
2025-11-20,Bulls2,Germany,,,,,,,,,,,,,,,,,,,,,
2025-11-20,Bulls2,Poland,,,,,,,,,,,,,,,,,,,,,
2025-11-20,Bulls4,Australia,2025-11-20,0.0,0.0,,,,,0.0,0.0,0.0,0.0,0.0,0.0,0.0,,,,,,,
2025-11-20,Bulls4,Austria,,,,,,,,,,,,,,,,,,,,,
2025-11-20,Bulls4,Belgium,,,,,,,,,,,,,,,,,,,,,
2025-11-20,Bulls4,Canada,2025-11-20,0.0,0.0,,,,,0.0,0.0,0.0,0.0,0.0,0.0,0.0,,0.0,0.0,0.0,0.0,0.0,
2025-11-20,Bulls4,Country 1,,,,,,,,,,,,,,,,,,,,,
2025-11-20,Bulls4,Country 3,2025-11-20,0.0,0.0,,,,,0.0,0.0,0.0,0.0,0.0,0.0,0.0,,0.0,0.0,0.0,0.0,0.0,
2025-11-20,Bulls4,Czech Republic,,,,,,,,,,,,,,,,,,,,,
2025-11-20,Bulls4,Denmark,,,,,,,,,,,,,,,,,,,,,
2025-11-20,Bulls4,Greece,,,,,,,,,,,,,,,,,,,,,
2025-11-20,Bulls4,Hungary,2025-11-20,1.0,26.0,1.0,0.0,0.0,0.0,26.0,1.0,26.0,26.0,1.0,26.0,26.0,80.0,21.0,21.0,21.0,21.0,21.0,0.0
2025-11-20,Bulls4,Norway,,,,,,,,,,,,,,,,,,,,,
2025-11-20,Bulls4,Poland,2025-11-20,0.0,0.0,,,,,0.0,0.0,0.0,0.0,0.0,0.0,0.0,,0.0,0.0,0.0,0.0,0.0,
2025-11-20,Clicklead,Brazil,,,,,,,,,,,,,,,,,,,,,
2025-11-20,Clicklead,Cameroon,,,,,,,,,,,,,,,,,,,,,
2025-11-20,Clicklead,Canada,,,,,,,,,,,,,,,,,,,,,
2025-11-20,Clicklead,Country 1,,,,,,,,,,,,,,,,,,,,,
2025-11-20,Clicklead,Country 4,,,,,,,,,,,,,,,,,,,,,
2025-11-20,Clicklead,Finland,,,,,,,,,,,,,,,,,,,,,
2025-11-20,Clicklead,Germany,,,,,,,,,,,,,,,,,,,,,
2025-11-20,Clicklead,Hong Kong,,,,,,,,,,,,,,,,,,,,,
2025-11-20,Clicklead,Indonesia,,,,,,,,,,,,,,,,,,,,,
2025-11-20,Clicklead,Ireland,,,,,,,,,,,,,,,,,,,,,
2025-11-20,Clicklead,Italy,,,,,,,,,,,,,,,,,,,,,
2025-11-20,Clicklead,Japan,,,,,,,,,,,,,,,,,,,,,
2025-11-20,Clicklead,Poland,,,,,,,,,,,,,,,,,,,,,
2025-11-20,Clicklead,Portugal,,,,,,,,,,,,,,,,,,,,,
2025-11-20,Clicklead,Russia,,,,,,,,,,,,,,,,,,,,,
2025-11-20,Clicklead,Saudi Arabia,,,,,,,,,,,,,,,,,,,,,
2025-11-20,Clicklead,Singapore,,,,,,,,,,,,,,,,,,,,,
2025-11-20,Clicklead,South Korea,,,,,,,,,,,,,,,,,,,,,
2025-11-20,Clicklead,Sweden,,,,,,,,,,,,,,,,,,,,,
2025-11-20,Clicklead,United States,,,,,,,,,,,,,,,,,,,,,
2025-11-20,cpaiens,Argentina,,,,,,,,,,,,,,,,,,,,,
2025-11-20,cpaiens,Australia,,,,,,,,,,,,,,,,,,,,,
2025-11-20,cpaiens,Austria,,,,,,,,,,,,,,,,,,,,,
2025-11-20,cpaiens,Belgium,,,,,,,,,,,,,,,,,,,,,
2025-11-20,cpaiens,Brazil,,,,,,,,,,,,,,,,,,,,,
2025-11-20,cpaiens,Bulgaria,,,,,,,,,,,,,,,,,,,,,
2025-11-20,cpaiens,Canada,,,,,,,,,,,,,,,,,,,,,
2025-11-20,cpaiens,Chile,,,,,,,,,,,,,,,,,,,,,
2025-11-20,cpaiens,Country 1,,,,,,,,,,,,,,,,,,,,,
2025-11-20,cpaiens,Country 3,,,,,,,,,,,,,,,,,,,,,
2025-11-20,cpaiens,Country 4,,,,,,,,,,,,,,,,,,,,,
2025-11-20,cpaiens,Croatia,,,,,,,,,,,,,,,,,,,,,
2025-11-20,cpaiens,Finland,,,,,,,,,,,,,,,,,,,,,
2025-11-20,cpaiens,Germany,,,,,,,,,,,,,,,,,,,,,
2025-11-20,cpaiens,Greece,2025-11-20,0.0,0.0,,,,,0.0,0.0,0.0,0.0,0.0,0.0,0.0,0.0,0.0,0.0,0.0,0.0,0.0,
2025-11-20,cpaiens,Hong Kong,,,,,,,,,,,,,,,,,,,,,
2025-11-20,cpaiens,Hungary,,,,,,,,,,,,,,,,,,,,,
2025-11-20,cpaiens,Iceland,,,,,,,,,,,,,,,,,,,,,
2025-11-20,cpaiens,Ireland,,,,,,,,,,,,,,,,,,,,,
2025-11-20,cpaiens,Italy,,,,,,,,,,,,,,,,,,,,,
2025-11-20,cpaiens,Ivory Coast,,,,,,,,,,,,,,,,,,,,,
2025-11-20,cpaiens,Japan,,,,,,,,,,,,,,,,,,,,,
2025-11-20,cpaiens,Malta,,,,,,,,,,,,,,,,,,,,,
2025-11-20,cpaiens,Mexico,,,,,,,,,,,,,,,,,,,,,
2025-11-20,cpaiens,Mongolia,,,,,,,,,,,,,,,,,,,,,
2025-11-20,cpaiens,New Zealand,,,,,,,,,,,,,,,,,,,,,
2025-11-20,cpaiens,Portugal,,,,,,,,,,,,,,,,,,,,,
2025-11-20,cpaiens,Romania,,,,,,,,,,,,,,,,,,,,,
2025-11-20,cpaiens,Seychelles,,,,,,,,,,,,,,,,,,,,,
2025-11-20,cpaiens,Singapore,,,,,,,,,,,,,,,,,,,,,
2025-11-20,cpaiens,South Korea,,,,,,,,,,,,,,,,,,,,,
2025-11-20,cpaiens,Sri Lanka,,,,,,,,,,,,,,,,,,,,,
2025-11-20,cpaiens,Switzerland,,,,,,,,,,,,,,,,,,,,,
2025-11-20,cpaiens,Tunisia,,,,,,,,,,,,,,,,,,,,,
2025-11-20,cpaiens,United States,,,,,,,,,,,,,,,,,,,,,
2025-11-20,cpaiens2_slot,Australia,,,,,,,,,,,,,,,,,,,,,
2025-11-20,cpaiens2_slot,Austria,,,,,,,,,,,,,,,,,,,,,
2025-11-20,cpaiens2_slot,Brazil,,,,,,,,,,,,,,,,,,,,,
2025-11-20,cpaiens2_slot,Bulgaria,,,,,,,,,,,,,,,,,,,,,
2025-11-20,cpaiens2_slot,Cambodia,,,,,,,,,,,,,,,,,,,,,
2025-11-20,cpaiens2_slot,Canada,,,,,,,,,,,,,,,,,,,,,
2025-11-20,cpaiens2_slot,Chile,,,,,,,,,,,,,,,,,,,,,
2025-11-20,cpaiens2_slot,Country 3,,,,,,,,,,,,,,,,,,,,,
2025-11-20,cpaiens2_slot,Denmark,,,,,,,,,,,,,,,,,,,,,
2025-11-20,cpaiens2_slot,Germany,,,,,,,,,,,,,,,,,,,,,
2025-11-20,cpaiens2_slot,Greece,,,,,,,,,,,,,,,,,,,,,
2025-11-20,cpaiens2_slot,Hungary,,,,,,,,,,,,,,,,,,,,,
2025-11-20,cpaiens2_slot,Italy,,,,,,,,,,,,,,,,,,,,,
2025-11-20,cpaiens2_slot,Japan,,,,,,,,,,,,,,,,,,,,,
2025-11-20,cpaiens2_slot,Laos,,,,,,,,,,,,,,,,,,,,,
2025-11-20,cpaiens2_slot,Macedonia,,,,,,,,,,,,,,,,,,,,,
2025-11-20,cpaiens2_slot,Malaysia,,,,,,,,,,,,,,,,,,,,,
2025-11-20,cpaiens2_slot,Nepal,,,,,,,,,,,,,,,,,,,,,
2025-11-20,cpaiens2_slot,New Zealand,,,,,,,,,,,,,,,,,,,,,
2025-11-20,cpaiens2_slot,Poland,,,,,,,,,,,,,,,,,,,,,
2025-11-20,cpaiens2_slot,Portugal,,,,,,,,,,,,,,,,,,,,,
2025-11-20,cpaiens2_slot,Singapore,,,,,,,,,,,,,,,,,,,,,
2025-11-20,cpaiens2_slot,Slovakia,,,,,,,,,,,,,,,,,,,,,
2025-11-20,cpaiens2_slot,South Korea,,,,,,,,,,,,,,,,,,,,,
2025-11-20,cpaiens2_slot,Sweden,,,,,,,,,,,,,,,,,,,,,
2025-11-20,cpaiens2_slot,Switzerland,,,,,,,,,,,,,,,,,,,,,
2025-11-20,cpaiens2_slot,Thailand,,,,,,,,,,,,,,,,,,,,,
2025-11-20,danilZumo,Canada,,,,,,,,,,,,,,,,,,,,,
2025-11-20,danilZumo,Country 1,,,,,,,,,,,,,,,,,,,,,
2025-11-20,danilZumo,Country 4,,,,,,,,,,,,,,,,,,,,,
2025-11-20,danilZumo,India,,,,,,,,,,,,,,,,,,,,,
2025-11-20,danilZumo,Kazakhstan,,,,,,,,,,,,,,,,,,,,,
2025-11-20,danilZumo,Nigeria,,,,,,,,,,,,,,,,,,,,,
2025-11-20,danilZumo,Poland,,,,,,,,,,,,,,,,,,,,,
2025-11-20,DiceRollers,Country 4,,,,,,,,,,,,,,,,,,,,,
2025-11-20,DiceRollers,Greece,,,,,,,,,,,,,,,,,,,,,
2025-11-20,DiceRollers,Italy,,,,,,,,,,,,,,,,,,,,,
2025-11-20,DiceRollers_SLOT,Country 3,2025-11-20,0.0,0.0,,,,,0.0,0.0,0.0,0.0,0.0,0.0,0.0,,-2.0,-2.0,-2.0,-2.0,-2.0,
2025-11-20,DiceRollers_SLOT,Czech Republic,,,,,,,,,,,,,,,,,,,,,
2025-11-20,DiceRollers_SLOT,Germany,,,,,,,,,,,,,,,,,,,,,
2025-11-20,DiceRollers_SLOT,Italy,,,,,,,,,,,,,,,,,,,,,
2025-11-20,DSRCM01,Austria,,,,,,,,,,,,,,,,,,,,,
2025-11-20,DSRCM01,Country 1,,,,,,,,,,,,,,,,,,,,,
2025-11-20,DSRCM01,Country 3,,,,,,,,,,,,,,,,,,,,,
2025-11-20,DSRCM01,Country 4,,,,,,,,,,,,,,,,,,,,,
2025-11-20,DSRCM01,Denmark,,,,,,,,,,,,,,,,,,,,,
2025-11-20,DSRCM01,Germany,,,,,,,,,,,,,,,,,,,,,
2025-11-20,DSRCM01,Italy,,,,,,,,,,,,,,,,,,,,,
2025-11-20,DSRCM01,Poland,,,,,,,,,,,,,,,,,,,,,
2025-11-20,DSRCM01,Portugal,,,,,,,,,,,,,,,,,,,,,
2025-11-20,DV_Verum,Australia,,,,,,,,,,,,,,,,,,,,,
2025-11-20,DV_Verum,Austria,,,,,,,,,,,,,,,,,,,,,
2025-11-20,DV_Verum,Belgium,,,,,,,,,,,,,,,,,,,,,
2025-11-20,DV_Verum,Canada,,,,,,,,,,,,,,,,,,,,,
2025-11-20,DV_Verum,Country 1,,,,,,,,,,,,,,,,,,,,,
2025-11-20,DV_Verum,Country 2,,,,,,,,,,,,,,,,,,,,,
2025-11-20,DV_Verum,Country 3,,,,,,,,,,,,,,,,,,,,,
2025-11-20,DV_Verum,Country 4,,,,,,,,,,,,,,,,,,,,,
2025-11-20,DV_Verum,Czech Republic,,,,,,,,,,,,,,,,,,,,,
2025-11-20,DV_Verum,Germany,,,,,,,,,,,,,,,,,,,,,
2025-11-20,DV_Verum,Ghana,,,,,,,,,,,,,,,,,,,,,
2025-11-20,DV_Verum,Greece,,,,,,,,,,,,,,,,,,,,,
2025-11-20,DV_Verum,Hungary,,,,,,,,,,,,,,,,,,,,,
2025-11-20,DV_Verum,Italy,,,,,,,,,,,,,,,,,,,,,
2025-11-20,DV_Verum,Kiribati,,,,,,,,,,,,,,,,,,,,,
2025-11-20,DV_Verum,New Zealand,,,,,,,,,,,,,,,,,,,,,
2025-11-20,DV_Verum,Norway,,,,,,,,,,,,,,,,,,,,,
2025-11-20,DV_Verum,Poland,,,,,,,,,,,,,,,,,,,,,
2025-11-20,DV_Verum,Portugal,,,,,,,,,,,,,,,,,,,,,
2025-11-20,DV_Verum,Senegal,,,,,,,,,,,,,,,,,,,,,
2025-11-20,DV_Verum,Switzerland,,,,,,,,,,,,,,,,,,,,,
2025-11-20,DV_Verum,Thailand,,,,,,,,,,,,,,,,,,,,,
2025-11-20,DV_Verum2,China,,,,,,,,,,,,,,,,,,,,,
2025-11-20,DV_Verum2,Country 1,,,,,,,,,,,,,,,,,,,,,
2025-11-20,DV_Verum2,Country 2,,,,,,,,,,,,,,,,,,,,,
2025-11-20,DV_Verum2,Country 3,,,,,,,,,,,,,,,,,,,,,
2025-11-20,DV_Verum2,Country 4,,,,,,,,,,,,,,,,,,,,,
2025-11-20,DV_Verum2,Finland,,,,,,,,,,,,,,,,,,,,,
2025-11-20,DV_Verum2,Germany,,,,,,,,,,,,,,,,,,,,,
2025-11-20,DV_Verum2,Poland,,,,,,,,,,,,,,,,,,,,,
2025-11-20,DV_Verum2,Russia,,,,,,,,,,,,,,,,,,,,,
2025-11-20,EmberHoldings,Albania,,,,,,,,,,,,,,,,,,,,,
2025-11-20,EmberHoldings,Angola,,,,,,,,,,,,,,,,,,,,,
2025-11-20,EmberHoldings,Australia,,,,,,,,,,,,,,,,,,,,,
2025-11-20,EmberHoldings,Austria,,,,,,,,,,,,,,,,,,,,,
2025-11-20,EmberHoldings,Belgium,,,,,,,,,,,,,,,,,,,,,
2025-11-20,EmberHoldings,Bosnia and Herzegovina,,,,,,,,,,,,,,,,,,,,,
2025-11-20,EmberHoldings,Bulgaria,,,,,,,,,,,,,,,,,,,,,
2025-11-20,EmberHoldings,Canada,,,,,,,,,,,,,,,,,,,,,
2025-11-20,EmberHoldings,Colombia,,,,,,,,,,,,,,,,,,,,,
2025-11-20,EmberHoldings,Country 1,,,,,,,,,,,,,,,,,,,,,
2025-11-20,EmberHoldings,Country 2,,,,,,,,,,,,,,,,,,,,,
2025-11-20,EmberHoldings,Country 3,,,,,,,,,,,,,,,,,,,,,
2025-11-20,EmberHoldings,Country 4,,,,,,,,,,,,,,,,,,,,,
2025-11-20,EmberHoldings,Croatia,,,,,,,,,,,,,,,,,,,,,
2025-11-20,EmberHoldings,Cyprus,,,,,,,,,,,,,,,,,,,,,
2025-11-20,EmberHoldings,Czech Republic,,,,,,,,,,,,,,,,,,,,,
2025-11-20,EmberHoldings,Denmark,,,,,,,,,,,,,,,,,,,,,
2025-11-20,EmberHoldings,Dominican Republic,,,,,,,,,,,,,,,,,,,,,
2025-11-20,EmberHoldings,Finland,,,,,,,,,,,,,,,,,,,,,
2025-11-20,EmberHoldings,Germany,,,,,,,,,,,,,,,,,,,,,
2025-11-20,EmberHoldings,Greece,,,,,,,,,,,,,,,,,,,,,
2025-11-20,EmberHoldings,Guadaloupe,,,,,,,,,,,,,,,,,,,,,
2025-11-20,EmberHoldings,Hong Kong,,,,,,,,,,,,,,,,,,,,,
2025-11-20,EmberHoldings,Israel,,,,,,,,,,,,,,,,,,,,,
2025-11-20,EmberHoldings,Italy,,,,,,,,,,,,,,,,,,,,,
2025-11-20,EmberHoldings,Japan,,,,,,,,,,,,,,,,,,,,,
2025-11-20,EmberHoldings,Martinique,,,,,,,,,,,,,,,,,,,,,
2025-11-20,EmberHoldings,Monaco,,,,,,,,,,,,,,,,,,,,,
2025-11-20,EmberHoldings,Norway,,,,,,,,,,,,,,,,,,,,,
2025-11-20,EmberHoldings,Peru,,,,,,,,,,,,,,,,,,,,,
2025-11-20,EmberHoldings,Poland,,,,,,,,,,,,,,,,,,,,,
2025-11-20,EmberHoldings,Portugal,,,,,,,,,,,,,,,,,,,,,
2025-11-20,EmberHoldings,Romania,,,,,,,,,,,,,,,,,,,,,
2025-11-20,EmberHoldings,Serbia,,,,,,,,,,,,,,,,,,,,,
2025-11-20,EmberHoldings,Slovenia,,,,,,,,,,,,,,,,,,,,,
2025-11-20,EmberHoldings,South Africa,,,,,,,,,,,,,,,,,,,,,
2025-11-20,EmberHoldings,Switzerland,,,,,,,,,,,,,,,,,,,,,
2025-11-20,EmberHoldings,Ukraine,,,,,,,,,,,,,,,,,,,,,
2025-11-20,EmberHoldings,United States,,,,,,,,,,,,,,,,,,,,,
2025-11-20,EmberHoldings,Unknown,,,,,,,,,,,,,,,,,,,,,
2025-11-20,exgaming,Portugal,,,,,,,,,,,,,,,,,,,,,
2025-11-20,Ez-money,Albania,,,,,,,,,,,,,,,,,,,,,
2025-11-20,Ez-money,Bulgaria,,,,,,,,,,,,,,,,,,,,,
2025-11-20,Ez-money,Canada,,,,,,,,,,,,,,,,,,,,,
2025-11-20,Ez-money,Country 1,,,,,,,,,,,,,,,,,,,,,
2025-11-20,Ez-money,Finland,,,,,,,,,,,,,,,,,,,,,
2025-11-20,Ez-money,Greece,,,,,,,,,,,,,,,,,,,,,
2025-11-20,Ez-money,Japan,,,,,,,,,,,,,,,,,,,,,
2025-11-20,Ez-money,Lithuania,,,,,,,,,,,,,,,,,,,,,
2025-11-20,Ez-money,Sweden,,,,,,,,,,,,,,,,,,,,,
2025-11-20,Ez-money,United States,,,,,,,,,,,,,,,,,,,,,
2025-11-20,FBMarlerino_1,Country 1,,,,,,,,,,,,,,,,,,,,,
2025-11-20,FBMarlerino_1,Germany,,,,,,,,,,,,,,,,,,,,,
2025-11-20,FBMarlerino_1,Ireland,,,,,,,,,,,,,,,,,,,,,
2025-11-20,FBMarlerino_1,Italy,2025-11-20,1.0,20.0,1.0,0.0,0.0,0.0,20.0,1.0,20.0,20.0,1.0,20.0,20.0,130.0,18.0,18.0,18.0,18.0,18.0,0.0
2025-11-20,FellowsSLOT,Algeria,,,,,,,,,,,,,,,,,,,,,
2025-11-20,FellowsSLOT,Country 1,,,,,,,,,,,,,,,,,,,,,
2025-11-20,FellowsSLOT,Country 4,,,,,,,,,,,,,,,,,,,,,
2025-11-20,FellowsSLOT,Germany,,,,,,,,,,,,,,,,,,,,,
2025-11-20,FellowsSLOT,Poland,,,,,,,,,,,,,,,,,,,,,
2025-11-20,FellowsSLOT,Portugal,,,,,,,,,,,,,,,,,,,,,
2025-11-20,Gambeat,Country 3,,,,,,,,,,,,,,,,,,,,,
2025-11-20,Gambeat,Greece,,,,,,,,,,,,,,,,,,,,,
2025-11-20,GorillaTraff,Belgium,2025-11-20,1.0,50.0,1.0,0.0,0.0,0.0,50.0,1.0,50.0,50.0,1.0,50.0,50.0,160.0,46.0,46.0,46.0,46.0,46.0,0.0
2025-11-20,GorillaTraff,Country 1,,,,,,,,,,,,,,,,,,,,,
2025-11-20,GorillaTraff,Country 3,,,,,,,,,,,,,,,,,,,,,
2025-11-20,GorillaTraff,Slovenia,,,,,,,,,,,,,,,,,,,,,
2025-11-20,GorillaTraff,Ukraine,,,,,,,,,,,,,,,,,,,,,
2025-11-20,insideone,Belgium,,,,,,,,,,,,,,,,,,,,,
2025-11-20,insideone,Germany,,,,,,,,,,,,,,,,,,,,,
2025-11-20,insideone,Poland,,,,,,,,,,,,,,,,,,,,,
2025-11-20,insideone,Russia,,,,,,,,,,,,,,,,,,,,,
2025-11-20,JIGIT_MEDIA,Austria,,,,,,,,,,,,,,,,,,,,,
2025-11-20,JIGIT_MEDIA,Belgium,,,,,,,,,,,,,,,,,,,,,
2025-11-20,JIGIT_MEDIA,Country 1,,,,,,,,,,,,,,,,,,,,,
2025-11-20,JIGIT_MEDIA,Czech Republic,,,,,,,,,,,,,,,,,,,,,
2025-11-20,JIGIT_MEDIA,Denmark,,,,,,,,,,,,,,,,,,,,,
2025-11-20,JIGIT_MEDIA,Germany,,,,,,,,,,,,,,,,,,,,,
2025-11-20,JIGIT_MEDIA,Greece,,,,,,,,,,,,,,,,,,,,,
2025-11-20,JIGIT_MEDIA,Hungary,,,,,,,,,,,,,,,,,,,,,
2025-11-20,JIGIT_MEDIA,Italy,,,,,,,,,,,,,,,,,,,,,
2025-11-20,JIGIT_MEDIA,Poland,,,,,,,,,,,,,,,,,,,,,
2025-11-20,JIGIT_MEDIA,United States,,,,,,,,,,,,,,,,,,,,,
2025-11-20,KatanaAds,Country 1,,,,,,,,,,,,,,,,,,,,,
2025-11-20,KristinaX6,Country 1,,,,,,,,,,,,,,,,,,,,,
2025-11-20,KristinaX6,Country 4,,,,,,,,,,,,,,,,,,,,,
2025-11-20,KristinaX6,Finland,,,,,,,,,,,,,,,,,,,,,
2025-11-20,KristinaX6,Germany,,,,,,,,,,,,,,,,,,,,,
2025-11-20,KristinaX6,Italy,,,,,,,,,,,,,,,,,,,,,
2025-11-20,KristinaX6,Poland,,,,,,,,,,,,,,,,,,,,,
2025-11-20,KristinaX6,Russia,,,,,,,,,,,,,,,,,,,,,
2025-11-20,KristinaX6,Ukraine,,,,,,,,,,,,,,,,,,,,,
2025-11-20,KristinaX6,United States,,,,,,,,,,,,,,,,,,,,,
2025-11-20,KristinaX6,Unknown,,,,,,,,,,,,,,,,,,,,,
2025-11-20,LazyHazy,Belgium,,,,,,,,,,,,,,,,,,,,,
2025-11-20,LazyHazy,Germany,,,,,,,,,,,,,,,,,,,,,
2025-11-20,LazyHazy,Norway,,,,,,,,,,,,,,,,,,,,,
2025-11-20,LazyHazy,Portugal,,,,,,,,,,,,,,,,,,,,,
2025-11-20,Marlerino_FBI,Austria,,,,,,,,,,,,,,,,,,,,,
2025-11-20,Marlerino_FBI,Bosnia and Herzegovina,,,,,,,,,,,,,,,,,,,,,
2025-11-20,Marlerino_FBI,Country 1,,,,,,,,,,,,,,,,,,,,,
2025-11-20,Marlerino_FBI,Germany,,,,,,,,,,,,,,,,,,,,,
2025-11-20,Marlerino_FBI,Ireland,,,,,,,,,,,,,,,,,,,,,
2025-11-20,Marlerino_FBI,Italy,2025-11-20,0.0,0.0,,,,,0.0,0.0,0.0,0.0,0.0,0.0,0.0,,,,,,,
2025-11-20,Marlerino_FBI,United States,,,,,,,,,,,,,,,,,,,,,
2025-11-20,Marlerino_MM,Country 1,,,,,,,,,,,,,,,,,,,,,
2025-11-20,Marlerino_MM,Germany,,,,,,,,,,,,,,,,,,,,,
2025-11-20,Marlerino_MM,Hungary,2025-11-20,2.0,52.0,1.0,0.0,0.0,0.0,52.0,2.0,52.0,52.0,2.0,52.0,52.0,160.0,40.0,40.0,40.0,40.0,40.0,0.0
2025-11-20,Marlerino_MM,Ireland,,,,,,,,,,,,,,,,,,,,,
2025-11-20,MarlerinoFB_DJ,Australia,,,,,,,,,,,,,,,,,,,,,
2025-11-20,MarlerinoFB_DJ,Austria,2025-11-20,0.0,0.0,,,,,0.0,0.0,0.0,0.0,0.0,0.0,0.0,,0.0,0.0,0.0,0.0,0.0,
2025-11-20,MarlerinoFB_DJ,Belgium,,,,,,,,,,,,,,,,,,,,,
2025-11-20,MarlerinoFB_DJ,Canada,2025-11-20,1.0,25.0,1.0,0.0,0.0,0.0,25.0,1.0,25.0,25.0,1.0,25.0,25.0,130.0,-3.0,-3.0,-3.0,-3.0,-3.0,0.0
2025-11-20,MarlerinoFB_DJ,Country 1,,,,,,,,,,,,,,,,,,,,,
2025-11-20,MarlerinoFB_DJ,Country 2,,,,,,,,,,,,,,,,,,,,,
2025-11-20,MarlerinoFB_DJ,Country 3,2025-11-20,0.0,0.0,,,,,0.0,0.0,0.0,0.0,0.0,0.0,0.0,,0.0,0.0,0.0,0.0,0.0,
2025-11-20,MarlerinoFB_DJ,Country 4,,,,,,,,,,,,,,,,,,,,,
2025-11-20,MarlerinoFB_DJ,Czech Republic,2025-11-20,3.0,124.0,1.0,0.0,0.0,0.0,124.0,3.0,124.0,124.0,3.0,124.0,124.0,200.0,-63.0,-63.0,-63.0,-63.0,-63.0,0.0
2025-11-20,MarlerinoFB_DJ,Denmark,,,,,,,,,,,,,,,,,,,,,
2025-11-20,MarlerinoFB_DJ,Finland,,,,,,,,,,,,,,,,,,,,,
2025-11-20,MarlerinoFB_DJ,Germany,,,,,,,,,,,,,,,,,,,,,
2025-11-20,MarlerinoFB_DJ,Hungary,2025-11-20,0.0,0.0,,,,,0.0,0.0,0.0,0.0,0.0,0.0,0.0,,,,,,,
2025-11-20,MarlerinoFB_DJ,Italy,2025-11-20,3.0,70.0,1.0,0.0,0.0,0.0,70.0,3.0,70.0,70.0,3.0,70.0,70.0,390.0,54.0,54.0,54.0,54.0,54.0,0.0
2025-11-20,MarlerinoFB_DJ,Kuwait,,,,,,,,,,,,,,,,,,,,,
2025-11-20,MarlerinoFB_DJ,Nigeria,,,,,,,,,,,,,,,,,,,,,
2025-11-20,MarlerinoFB_DJ,Poland,,,,,,,,,,,,,,,,,,,,,
2025-11-20,MarlerinoFB_DJ,Switzerland,,,,,,,,,,,,,,,,,,,,,
2025-11-20,MarlerinoFB_DJ,Ukraine,,,,,,,,,,,,,,,,,,,,,
2025-11-20,MarlerinoFB_DJ,United Arab Emirates,,,,,,,,,,,,,,,,,,,,,
2025-11-20,MarlerinoFB_DJ,United States,,,,,,,,,,,,,,,,,,,,,
2025-11-20,MarlerinoFB_R,Belgium,,,,,,,,,,,,,,,,,,,,,
2025-11-20,MarlerinoFB_R,Country 1,,,,,,,,,,,,,,,,,,,,,
2025-11-20,MarlerinoFB_R,Country 3,2025-11-20,0.0,0.0,,,,,0.0,0.0,0.0,0.0,0.0,0.0,0.0,,,,,,,
2025-11-20,MarlerinoFB_R,Estonia,,,,,,,,,,,,,,,,,,,,,
2025-11-20,MarlerinoFB_R,Germany,,,,,,,,,,,,,,,,,,,,,
2025-11-20,MarlerinoFB_R,Hungary,,,,,,,,,,,,,,,,,,,,,
2025-11-20,MarlerinoFB_R,Ireland,,,,,,,,,,,,,,,,,,,,,
2025-11-20,MarlerinoFB_R,Italy,,,,,,,,,,,,,,,,,,,,,
2025-11-20,MarlerinoFB_R,United States,,,,,,,,,,,,,,,,,,,,,
2025-11-20,MarlerinoFB_TC,Country 1,,,,,,,,,,,,,,,,,,,,,
2025-11-20,MarlerinoFB_TC,Country 3,2025-11-20,0.0,0.0,,,,,0.0,0.0,0.0,0.0,0.0,0.0,0.0,,0.0,0.0,0.0,0.0,0.0,
2025-11-20,MarlerinoFB_TC,Finland,,,,,,,,,,,,,,,,,,,,,
2025-11-20,MarlerinoFB_TC,Germany,,,,,,,,,,,,,,,,,,,,,
2025-11-20,MarlerinoFB_TC,Hungary,2025-11-20,9.0,204.0,1.33,22.22,22.22,22.22,262.0,12.0,262.0,262.0,12.0,262.0,262.0,640.0,54.0,54.0,54.0,54.0,54.0,0.0
2025-11-20,MarlerinoFB_TC,Ireland,,,,,,,,,,,,,,,,,,,,,
2025-11-20,MarlerinoFB_TC,Italy,2025-11-20,0.0,0.0,,,,,0.0,0.0,0.0,0.0,0.0,0.0,0.0,,0.0,0.0,0.0,0.0,0.0,
2025-11-20,MarlerinoFB_TC,United States,,,,,,,,,,,,,,,,,,,,,
2025-11-20,MarlerinoInApp,Country 1,,,,,,,,,,,,,,,,,,,,,
2025-11-20,MarlerinoInApp,Denmark,2025-11-20,0.0,0.0,,,,,0.0,0.0,0.0,0.0,0.0,0.0,0.0,0.0,0.0,0.0,0.0,0.0,0.0,
2025-11-20,MarlerinoInApp,Germany,,,,,,,,,,,,,,,,,,,,,
2025-11-20,MarlerinoInApp,Ireland,,,,,,,,,,,,,,,,,,,,,
2025-11-20,MarlerinoInApp,Poland,,,,,,,,,,,,,,,,,,,,,
2025-11-20,murmeow_slot,Country 1,,,,,,,,,,,,,,,,,,,,,
2025-11-20,murmeow_slot,Country 3,,,,,,,,,,,,,,,,,,,,,
2025-11-20,murmeow_slot,Country 4,,,,,,,,,,,,,,,,,,,,,
2025-11-20,murmeow_slot,Finland,,,,,,,,,,,,,,,,,,,,,
2025-11-20,murmeow_slot,Peru,,,,,,,,,,,,,,,,,,,,,
2025-11-20,murmeow_slot,Poland,,,,,,,,,,,,,,,,,,,,,
2025-11-20,murmeow_slot,Turkey,,,,,,,,,,,,,,,,,,,,,
2025-11-20,murmeow_slot,Ukraine,,,,,,,,,,,,,,,,,,,,,
2025-11-20,murmeow_slot,United States,,,,,,,,,,,,,,,,,,,,,
2025-11-20,NataliExtraT,Country 1,,,,,,,,,,,,,,,,,,,,,
2025-11-20,NataliExtraT,Country 4,,,,,,,,,,,,,,,,,,,,,
2025-11-20,NataliExtraT,Ireland,,,,,,,,,,,,,,,,,,,,,
2025-11-20,NataliExtraT,Italy,,,,,,,,,,,,,,,,,,,,,
2025-11-20,NataliExtraT,Lithuania,,,,,,,,,,,,,,,,,,,,,
2025-11-20,NataliExtraT,Poland,,,,,,,,,,,,,,,,,,,,,
2025-11-20,NataliExtraT,Russia,,,,,,,,,,,,,,,,,,,,,
2025-11-20,NextLevel,Country 3,,,,,,,,,,,,,,,,,,,,,
2025-11-20,NextLevel,Country 4,,,,,,,,,,,,,,,,,,,,,
2025-11-20,NextLevel,Georgia,,,,,,,,,,,,,,,,,,,,,
2025-11-20,NextLevel,Germany,,,,,,,,,,,,,,,,,,,,,
2025-11-20,NextLevel,Italy,,,,,,,,,,,,,,,,,,,,,
2025-11-20,NextLevel,Poland,,,,,,,,,,,,,,,,,,,,,
2025-11-20,NextLevel,Switzerland,,,,,,,,,,,,,,,,,,,,,
2025-11-20,offerleader,Country 1,,,,,,,,,,,,,,,,,,,,,
2025-11-20,offerleader,Germany,,,,,,,,,,,,,,,,,,,,,
2025-11-20,offerleader,Mexico,,,,,,,,,,,,,,,,,,,,,
2025-11-20,offerleader,Poland,2025-11-20,0.0,0.0,,,,,0.0,0.0,0.0,0.0,0.0,0.0,0.0,,,,,,,
2025-11-20,OLEG_VESELSKIJ,Austria,,,,,,,,,,,,,,,,,,,,,
2025-11-20,OLEG_VESELSKIJ,Belgium,,,,,,,,,,,,,,,,,,,,,
2025-11-20,OLEG_VESELSKIJ,Germany,,,,,,,,,,,,,,,,,,,,,
2025-11-20,OLEG_VESELSKIJ,Greece,,,,,,,,,,,,,,,,,,,,,
2025-11-20,OLEG_VESELSKIJ,Portugal,,,,,,,,,,,,,,,,,,,,,
2025-11-20,pamagency,Belgium,,,,,,,,,,,,,,,,,,,,,
2025-11-20,pamagency,Canada,,,,,,,,,,,,,,,,,,,,,
2025-11-20,pamagency,Germany,,,,,,,,,,,,,,,,,,,,,
2025-11-20,pamagency,Poland,,,,,,,,,,,,,,,,,,,,,
2025-11-20,Peppe_Spend_Z1,Country 1,,,,,,,,,,,,,,,,,,,,,
2025-11-20,Peppe_Spend_Z1,Germany,,,,,,,,,,,,,,,,,,,,,
2025-11-20,pepper_lazybar,Country 1,,,,,,,,,,,,,,,,,,,,,
2025-11-20,pepper_lazybar,Country 2,,,,,,,,,,,,,,,,,,,,,
2025-11-20,pepper_lazybar,Country 4,,,,,,,,,,,,,,,,,,,,,
2025-11-20,pepper_lazybar,Denmark,,,,,,,,,,,,,,,,,,,,,
2025-11-20,pepper_lazybar,Ethiopia,,,,,,,,,,,,,,,,,,,,,
2025-11-20,pepper_lazybar,Finland,,,,,,,,,,,,,,,,,,,,,
2025-11-20,pepper_lazybar,Germany,,,,,,,,,,,,,,,,,,,,,
2025-11-20,pepper_lazybar,Indonesia,,,,,,,,,,,,,,,,,,,,,
2025-11-20,pepper_lazybar,Iran,,,,,,,,,,,,,,,,,,,,,
2025-11-20,pepper_lazybar,Iraq,,,,,,,,,,,,,,,,,,,,,
2025-11-20,pepper_lazybar,Italy,,,,,,,,,,,,,,,,,,,,,
2025-11-20,pepper_lazybar,New Zealand,,,,,,,,,,,,,,,,,,,,,
2025-11-20,pepper_lazybar,Norway,,,,,,,,,,,,,,,,,,,,,
2025-11-20,pepper_lazybar,Poland,,,,,,,,,,,,,,,,,,,,,
2025-11-20,pepper_lazybar,Russia,,,,,,,,,,,,,,,,,,,,,
2025-11-20,pepper_lazybar,Togo,,,,,,,,,,,,,,,,,,,,,
2025-11-20,pepper_lazybar,Turkey,,,,,,,,,,,,,,,,,,,,,
2025-11-20,pepper_lazybar,Ukraine,,,,,,,,,,,,,,,,,,,,,
2025-11-20,pepper_lazybar,United States,,,,,,,,,,,,,,,,,,,,,
2025-11-20,PerformanceLab,Belgium,,,,,,,,,,,,,,,,,,,,,
2025-11-20,PerformanceLab,Country 4,,,,,,,,,,,,,,,,,,,,,
2025-11-20,PerformanceLab,Italy,,,,,,,,,,,,,,,,,,,,,
2025-11-20,PerformanceLab,Reunion,,,,,,,,,,,,,,,,,,,,,
2025-11-20,PerformanceLab,Switzerland,,,,,,,,,,,,,,,,,,,,,
2025-11-20,PerformanceLab3,Country 1,,,,,,,,,,,,,,,,,,,,,
2025-11-20,PerformanceLab3,Country 4,,,,,,,,,,,,,,,,,,,,,
2025-11-20,PerformanceLab3,Ghana,,,,,,,,,,,,,,,,,,,,,
2025-11-20,PerformanceLab3,Poland,,,,,,,,,,,,,,,,,,,,,
2025-11-20,Pharaoh,Belgium,,,,,,,,,,,,,,,,,,,,,
2025-11-20,Pharaoh,Country 4,,,,,,,,,,,,,,,,,,,,,
2025-11-20,Pharaoh,Germany,,,,,,,,,,,,,,,,,,,,,
2025-11-20,playpartners,Belgium,,,,,,,,,,,,,,,,,,,,,
2025-11-20,playpartners,Country 1,,,,,,,,,,,,,,,,,,,,,
2025-11-20,playpartners,Country 4,,,,,,,,,,,,,,,,,,,,,
2025-11-20,playpartners,Finland,,,,,,,,,,,,,,,,,,,,,
2025-11-20,playpartners,Italy,,,,,,,,,,,,,,,,,,,,,
2025-11-20,playpartners,Poland,,,,,,,,,,,,,,,,,,,,,
2025-11-20,playpartners,Ukraine,,,,,,,,,,,,,,,,,,,,,
2025-11-20,playpartners,United States,,,,,,,,,,,,,,,,,,,,,
2025-11-20,plusteam,Country 3,,,,,,,,,,,,,,,,,,,,,
2025-11-20,plusteam,Germany,,,,,,,,,,,,,,,,,,,,,
2025-11-20,PVT_INC,Australia,,,,,,,,,,,,,,,,,,,,,
2025-11-20,PVT_INC,Austria,,,,,,,,,,,,,,,,,,,,,
2025-11-20,PVT_INC,Belgium,,,,,,,,,,,,,,,,,,,,,
2025-11-20,PVT_INC,Canada,,,,,,,,,,,,,,,,,,,,,
2025-11-20,PVT_INC,Country 3,,,,,,,,,,,,,,,,,,,,,
2025-11-20,PVT_INC,Country 4,,,,,,,,,,,,,,,,,,,,,
2025-11-20,PVT_INC,Czech Republic,2025-11-20,1.0,23.0,1.0,0.0,0.0,0.0,23.0,1.0,23.0,23.0,1.0,23.0,23.0,0.0,16.0,16.0,16.0,16.0,16.0,0.0
2025-11-20,PVT_INC,Finland,,,,,,,,,,,,,,,,,,,,,
2025-11-20,PVT_INC,Germany,,,,,,,,,,,,,,,,,,,,,
2025-11-20,PVT_INC,Hungary,,,,,,,,,,,,,,,,,,,,,
2025-11-20,PVT_INC,Ireland,,,,,,,,,,,,,,,,,,,,,
2025-11-20,PVT_INC,Isle of Man,,,,,,,,,,,,,,,,,,,,,
2025-11-20,PVT_INC,Italy,,,,,,,,,,,,,,,,,,,,,
2025-11-20,PVT_INC,Japan,,,,,,,,,,,,,,,,,,,,,
2025-11-20,PVT_INC,Luxembourg,,,,,,,,,,,,,,,,,,,,,
2025-11-20,PVT_INC,Mauritius,,,,,,,,,,,,,,,,,,,,,
2025-11-20,PVT_INC,Mexico,,,,,,,,,,,,,,,,,,,,,
2025-11-20,PVT_INC,Poland,,,,,,,,,,,,,,,,,,,,,
2025-11-20,PVT_INC,South Africa,2025-11-20,0.0,0.0,,,,,0.0,0.0,0.0,0.0,0.0,0.0,0.0,,,,,,,
2025-11-20,PVT_INC,Switzerland,,,,,,,,,,,,,,,,,,,,,
2025-11-20,PVT_INC,Thailand,,,,,,,,,,,,,,,,,,,,,
2025-11-20,Q3network,Belgium,,,,,,,,,,,,,,,,,,,,,
2025-11-20,Q3network,Country 4,,,,,,,,,,,,,,,,,,,,,
2025-11-20,Q3network,Germany,,,,,,,,,,,,,,,,,,,,,
2025-11-20,Q3network,United States,,,,,,,,,,,,,,,,,,,,,
2025-11-20,Quaddd,Country 1,,,,,,,,,,,,,,,,,,,,,
2025-11-20,Quaddd,Poland,,,,,,,,,,,,,,,,,,,,,
2025-11-20,richmedia,Australia,,,,,,,,,,,,,,,,,,,,,
2025-11-20,richmedia,Country 1,,,,,,,,,,,,,,,,,,,,,
2025-11-20,richmedia,Denmark,,,,,,,,,,,,,,,,,,,,,
2025-11-20,richmedia,Germany,,,,,,,,,,,,,,,,,,,,,
2025-11-20,richmedia,Italy,,,,,,,,,,,,,,,,,,,,,
2025-11-20,richmedia,Poland,,,,,,,,,,,,,,,,,,,,,
2025-11-20,richmedia,Portugal,,,,,,,,,,,,,,,,,,,,,
2025-11-20,richmedia,Russia,,,,,,,,,,,,,,,,,,,,,
2025-11-20,RockitMedia,Belgium,,,,,,,,,,,,,,,,,,,,,
2025-11-20,RockitMedia,Country 1,,,,,,,,,,,,,,,,,,,,,
2025-11-20,RockitMedia,Country 3,,,,,,,,,,,,,,,,,,,,,
2025-11-20,RockitMedia,Norway,,,,,,,,,,,,,,,,,,,,,
2025-11-20,RockitMedia,United States,,,,,,,,,,,,,,,,,,,,,
2025-11-20,RockitMediaS,Austria,,,,,,,,,,,,,,,,,,,,,
2025-11-20,RockitMediaS,Belgium,,,,,,,,,,,,,,,,,,,,,
2025-11-20,RockitMediaS,Country 1,,,,,,,,,,,,,,,,,,,,,
2025-11-20,RockitMediaS,Country 2,,,,,,,,,,,,,,,,,,,,,
2025-11-20,RockitMediaS,Country 4,,,,,,,,,,,,,,,,,,,,,
2025-11-20,RockitMediaS,Finland,,,,,,,,,,,,,,,,,,,,,
2025-11-20,RockitMediaS,Germany,,,,,,,,,,,,,,,,,,,,,
2025-11-20,RockitMediaS,Guadaloupe,,,,,,,,,,,,,,,,,,,,,
2025-11-20,RockitMediaS,Italy,,,,,,,,,,,,,,,,,,,,,
2025-11-20,RockitMediaS,Romania,,,,,,,,,,,,,,,,,,,,,
2025-11-20,RockitMediaS,United States,,,,,,,,,,,,,,,,,,,,,
2025-11-20,SAIDIteam,Australia,,,,,,,,,,,,,,,,,,,,,
2025-11-20,SAIDIteam,Austria,,,,,,,,,,,,,,,,,,,,,
2025-11-20,SAIDIteam,Belgium,,,,,,,,,,,,,,,,,,,,,
2025-11-20,SAIDIteam,Brazil,,,,,,,,,,,,,,,,,,,,,
2025-11-20,SAIDIteam,Bulgaria,,,,,,,,,,,,,,,,,,,,,
2025-11-20,SAIDIteam,Canada,,,,,,,,,,,,,,,,,,,,,
2025-11-20,SAIDIteam,Country 1,,,,,,,,,,,,,,,,,,,,,
2025-11-20,SAIDIteam,Country 2,,,,,,,,,,,,,,,,,,,,,
2025-11-20,SAIDIteam,Country 3,,,,,,,,,,,,,,,,,,,,,
2025-11-20,SAIDIteam,Country 4,,,,,,,,,,,,,,,,,,,,,
2025-11-20,SAIDIteam,Cyprus,,,,,,,,,,,,,,,,,,,,,
2025-11-20,SAIDIteam,Czech Republic,2025-11-20,0.0,0.0,,,,,0.0,0.0,0.0,0.0,0.0,0.0,0.0,0.0,0.0,0.0,0.0,0.0,0.0,
2025-11-20,SAIDIteam,Estonia,,,,,,,,,,,,,,,,,,,,,
2025-11-20,SAIDIteam,Germany,,,,,,,,,,,,,,,,,,,,,
2025-11-20,SAIDIteam,Greece,,,,,,,,,,,,,,,,,,,,,
2025-11-20,SAIDIteam,Ireland,,,,,,,,,,,,,,,,,,,,,
2025-11-20,SAIDIteam,Italy,,,,,,,,,,,,,,,,,,,,,
2025-11-20,SAIDIteam,Poland,,,,,,,,,,,,,,,,,,,,,
2025-11-20,SAIDIteam,Portugal,,,,,,,,,,,,,,,,,,,,,
2025-11-20,SAIDIteam,Romania,,,,,,,,,,,,,,,,,,,,,
2025-11-20,SAIDIteam,United States,,,,,,,,,,,,,,,,,,,,,
2025-11-20,SAIDIteam2,Austria,,,,,,,,,,,,,,,,,,,,,
2025-11-20,SAIDIteam2,Belarus,,,,,,,,,,,,,,,,,,,,,
2025-11-20,SAIDIteam2,Belgium,,,,,,,,,,,,,,,,,,,,,
2025-11-20,SAIDIteam2,Country 1,,,,,,,,,,,,,,,,,,,,,
2025-11-20,SAIDIteam2,Country 4,,,,,,,,,,,,,,,,,,,,,
2025-11-20,SAIDIteam2,Czech Republic,,,,,,,,,,,,,,,,,,,,,
2025-11-20,SAIDIteam2,Germany,,,,,,,,,,,,,,,,,,,,,
2025-11-20,SAIDIteam2,Greece,,,,,,,,,,,,,,,,,,,,,
2025-11-20,SAIDIteam2,Ireland,,,,,,,,,,,,,,,,,,,,,
2025-11-20,SAIDIteam2,Italy,2025-11-20,1.0,20.0,1.0,0.0,0.0,0.0,20.0,1.0,20.0,20.0,1.0,20.0,20.0,250.0,11.0,11.0,11.0,11.0,11.0,0.0
2025-11-20,SAIDIteam2,Ivory Coast,,,,,,,,,,,,,,,,,,,,,
2025-11-20,SAIDIteam2,Martinique,,,,,,,,,,,,,,,,,,,,,
2025-11-20,SAIDIteam2,Monaco,,,,,,,,,,,,,,,,,,,,,
2025-11-20,SAIDIteam2,Poland,,,,,,,,,,,,,,,,,,,,,
2025-11-20,SAIDIteam2,Romania,,,,,,,,,,,,,,,,,,,,,
2025-11-20,SAIDIteam2,Russia,,,,,,,,,,,,,,,,,,,,,
2025-11-20,SAIDIteam2,Ukraine,,,,,,,,,,,,,,,,,,,,,
2025-11-20,SAIDIteam2,United States,,,,,,,,,,,,,,,,,,,,,
2025-11-20,seven_crash,Belgium,,,,,,,,,,,,,,,,,,,,,
2025-11-20,seven_crash,Germany,,,,,,,,,,,,,,,,,,,,,
2025-11-20,seven_crash,Italy,,,,,,,,,,,,,,,,,,,,,
2025-11-20,seven_crash,Poland,,,,,,,,,,,,,,,,,,,,,
2025-11-20,sg.at@rishuchi.im,Canada,,,,,,,,,,,,,,,,,,,,,
2025-11-20,sg.at@rishuchi.im,Country 3,,,,,,,,,,,,,,,,,,,,,
2025-11-20,SlavaVPagency,Australia,,,,,,,,,,,,,,,,,,,,,
2025-11-20,SlavaVPagency,Country 1,,,,,,,,,,,,,,,,,,,,,
2025-11-20,SlavaVPagency,Finland,,,,,,,,,,,,,,,,,,,,,
2025-11-20,spaiens,Country 1,,,,,,,,,,,,,,,,,,,,,
2025-11-20,spaiens,Italy,,,,,,,,,,,,,,,,,,,,,
2025-11-20,spaiens,South Korea,,,,,,,,,,,,,,,,,,,,,
2025-11-20,spaiens,United States,,,,,,,,,,,,,,,,,,,,,
2025-11-20,Tamerlan,Algeria,,,,,,,,,,,,,,,,,,,,,
2025-11-20,Tamerlan,Bahrain,,,,,,,,,,,,,,,,,,,,,
2025-11-20,Tamerlan,Bangladesh,,,,,,,,,,,,,,,,,,,,,
2025-11-20,Tamerlan,Bulgaria,,,,,,,,,,,,,,,,,,,,,
2025-11-20,Tamerlan,Canada,,,,,,,,,,,,,,,,,,,,,
2025-11-20,Tamerlan,Chile,,,,,,,,,,,,,,,,,,,,,
2025-11-20,Tamerlan,Colombia,,,,,,,,,,,,,,,,,,,,,
2025-11-20,Tamerlan,Country 1,,,,,,,,,,,,,,,,,,,,,
2025-11-20,Tamerlan,Country 3,,,,,,,,,,,,,,,,,,,,,
2025-11-20,Tamerlan,Croatia,,,,,,,,,,,,,,,,,,,,,
2025-11-20,Tamerlan,Finland,,,,,,,,,,,,,,,,,,,,,
2025-11-20,Tamerlan,Greece,,,,,,,,,,,,,,,,,,,,,
2025-11-20,Tamerlan,Italy,,,,,,,,,,,,,,,,,,,,,
2025-11-20,Tamerlan,Macedonia,,,,,,,,,,,,,,,,,,,,,
2025-11-20,Tamerlan,Montenegro,,,,,,,,,,,,,,,,,,,,,
2025-11-20,Tamerlan,Norway,,,,,,,,,,,,,,,,,,,,,
2025-11-20,Tamerlan,Poland,,,,,,,,,,,,,,,,,,,,,
2025-11-20,Tamerlan,Portugal,,,,,,,,,,,,,,,,,,,,,
2025-11-20,Tamerlan,United Arab Emirates,,,,,,,,,,,,,,,,,,,,,
2025-11-20,Titanmedia,Australia,,,,,,,,,,,,,,,,,,,,,
2025-11-20,Titanmedia,Country 1,,,,,,,,,,,,,,,,,,,,,
2025-11-20,Titanmedia,Country 2,,,,,,,,,,,,,,,,,,,,,
2025-11-20,Titanmedia,Country 3,,,,,,,,,,,,,,,,,,,,,
2025-11-20,Titanmedia,Country 4,,,,,,,,,,,,,,,,,,,,,
2025-11-20,Titanmedia,Japan,,,,,,,,,,,,,,,,,,,,,
2025-11-20,Titanmedia,Ukraine,,,,,,,,,,,,,,,,,,,,,
2025-11-20,Titanmedia,United States,,,,,,,,,,,,,,,,,,,,,
2025-11-20,TrafficMinds,Austria,,,,,,,,,,,,,,,,,,,,,
2025-11-20,TrafficMinds,Belgium,,,,,,,,,,,,,,,,,,,,,
2025-11-20,TrafficMinds,Brazil,,,,,,,,,,,,,,,,,,,,,
2025-11-20,TrafficMinds,Country 1,,,,,,,,,,,,,,,,,,,,,
2025-11-20,TrafficMinds,Country 3,,,,,,,,,,,,,,,,,,,,,
2025-11-20,TrafficMinds,Country 4,,,,,,,,,,,,,,,,,,,,,
2025-11-20,TrafficMinds,Denmark,,,,,,,,,,,,,,,,,,,,,
2025-11-20,TrafficMinds,Germany,,,,,,,,,,,,,,,,,,,,,
2025-11-20,TrafficMinds,Italy,,,,,,,,,,,,,,,,,,,,,
2025-11-20,TrafficMinds,Poland,,,,,,,,,,,,,,,,,,,,,
2025-11-20,TrafficMinds,Portugal,,,,,,,,,,,,,,,,,,,,,
2025-11-20,TrafficMinds,Saudi Arabia,,,,,,,,,,,,,,,,,,,,,
2025-11-20,TrafficMinds,Singapore,,,,,,,,,,,,,,,,,,,,,
2025-11-20,TrafficMinds,Switzerland,,,,,,,,,,,,,,,,,,,,,
2025-11-20,TrafficMinds,United States,,,,,,,,,,,,,,,,,,,,,
2025-11-20,TrafficMinds,Yemen,,,,,,,,,,,,,,,,,,,,,
2025-11-20,trafmedia,Country 1,,,,,,,,,,,,,,,,,,,,,
2025-11-20,trafmedia,Slovenia,,,,,,,,,,,,,,,,,,,,,
2025-11-20,trafmedia1,Country 1,,,,,,,,,,,,,,,,,,,,,
2025-11-20,trafmedia1,Denmark,,,,,,,,,,,,,,,,,,,,,
2025-11-20,trafmedia1,Germany,,,,,,,,,,,,,,,,,,,,,
2025-11-20,trafmedia1,Norway,,,,,,,,,,,,,,,,,,,,,
2025-11-20,trafmedia1,Poland,,,,,,,,,,,,,,,,,,,,,
2025-11-20,trafmedia1,Sweden,,,,,,,,,,,,,,,,,,,,,
2025-11-20,Trident,Austria,2025-11-20,1.0,20.0,1.0,0.0,0.0,0.0,20.0,1.0,20.0,20.0,1.0,20.0,20.0,150.0,18.0,18.0,18.0,18.0,18.0,0.0
2025-11-20,Trident,Belgium,,,,,,,,,,,,,,,,,,,,,
2025-11-20,Trident,Canada,2025-11-20,1.0,31.0,1.0,0.0,0.0,0.0,31.0,1.0,31.0,31.0,1.0,31.0,31.0,120.0,27.0,27.0,27.0,27.0,27.0,0.0
2025-11-20,Trident,Country 1,,,,,,,,,,,,,,,,,,,,,
2025-11-20,Trident,Country 2,,,,,,,,,,,,,,,,,,,,,
2025-11-20,Trident,Country 3,,,,,,,,,,,,,,,,,,,,,
2025-11-20,Trident,Country 4,,,,,,,,,,,,,,,,,,,,,
2025-11-20,Trident,Czech Republic,,,,,,,,,,,,,,,,,,,,,
2025-11-20,Trident,Denmark,,,,,,,,,,,,,,,,,,,,,
2025-11-20,Trident,Greece,2025-11-20,0.0,0.0,,,,,0.0,0.0,0.0,0.0,0.0,0.0,0.0,,,,,,,
2025-11-20,Trident,Hungary,,,,,,,,,,,,,,,,,,,,,
2025-11-20,Trident,Italy,,,,,,,,,,,,,,,,,,,,,
2025-11-20,Trident,Norway,,,,,,,,,,,,,,,,,,,,,
2025-11-20,Trident,Poland,,,,,,,,,,,,,,,,,,,,,
2025-11-20,Trident,Portugal,,,,,,,,,,,,,,,,,,,,,
2025-11-20,Trident,Switzerland,2025-11-20,0.0,0.0,,,,,0.0,0.0,0.0,0.0,0.0,0.0,0.0,,,,,,,
2025-11-20,Trident,Syria,,,,,,,,,,,,,,,,,,,,,
2025-11-20,Trident,Turkey,,,,,,,,,,,,,,,,,,,,,
2025-11-20,Trident,Ukraine,,,,,,,,,,,,,,,,,,,,,
2025-11-20,Trident,United States,,,,,,,,,,,,,,,,,,,,,
2025-11-20,TRITE1,Belgium,,,,,,,,,,,,,,,,,,,,,
2025-11-20,TRITE1,Benin,,,,,,,,,,,,,,,,,,,,,
2025-11-20,TRITE1,Canada,,,,,,,,,,,,,,,,,,,,,
2025-11-20,TRITE1,Country 1,,,,,,,,,,,,,,,,,,,,,
2025-11-20,TRITE1,Country 3,,,,,,,,,,,,,,,,,,,,,
2025-11-20,TRITE1,Country 4,,,,,,,,,,,,,,,,,,,,,
2025-11-20,TRITE1,Germany,,,,,,,,,,,,,,,,,,,,,
2025-11-20,TRITE1,Guadaloupe,,,,,,,,,,,,,,,,,,,,,
2025-11-20,TRITE1,Italy,,,,,,,,,,,,,,,,,,,,,
2025-11-20,TRITE1,Luxembourg,,,,,,,,,,,,,,,,,,,,,
2025-11-20,TRITE1,Norway,,,,,,,,,,,,,,,,,,,,,
2025-11-20,TRITE1,Switzerland,,,,,,,,,,,,,,,,,,,,,
2025-11-20,TRITE1,Tunisia,,,,,,,,,,,,,,,,,,,,,
2025-11-20,TS_DOPE_SLOT,Country 1,,,,,,,,,,,,,,,,,,,,,
2025-11-20,TS_DOPE_SLOT,Country 2,,,,,,,,,,,,,,,,,,,,,
2025-11-20,TS_DOPE_SLOT,Country 3,,,,,,,,,,,,,,,,,,,,,
2025-11-20,TS_DOPE_SLOT,Ireland,,,,,,,,,,,,,,,,,,,,,
2025-11-20,TS_DOPE_SLOT,Italy,,,,,,,,,,,,,,,,,,,,,
2025-11-20,TS_KOKO_C,Australia,,,,,,,,,,,,,,,,,,,,,
2025-11-20,TS_KOKO_C,Belgium,,,,,,,,,,,,,,,,,,,,,
2025-11-20,TS_KOKO_C,Country 1,,,,,,,,,,,,,,,,,,,,,
2025-11-20,TS_KOKO_C,Country 2,,,,,,,,,,,,,,,,,,,,,
2025-11-20,TS_KOKO_C,Country 3,,,,,,,,,,,,,,,,,,,,,
2025-11-20,TS_KOKO_C,Country 4,,,,,,,,,,,,,,,,,,,,,
2025-11-20,TS_KOKO_C,Germany,,,,,,,,,,,,,,,,,,,,,
2025-11-20,TS_KOKO_C,Guadaloupe,,,,,,,,,,,,,,,,,,,,,
2025-11-20,TS_KOKO_C,Hungary,,,,,,,,,,,,,,,,,,,,,
2025-11-20,TS_KOKO_C,Italy,,,,,,,,,,,,,,,,,,,,,
2025-11-20,TS_KOKO_C,Martinique,,,,,,,,,,,,,,,,,,,,,
2025-11-20,TS_KOKO_C,Ukraine,,,,,,,,,,,,,,,,,,,,,
2025-11-20,TS_KOKO_S,Country 1,,,,,,,,,,,,,,,,,,,,,
2025-11-20,TS_KOKO_S,Country 3,,,,,,,,,,,,,,,,,,,,,
2025-11-20,TS_KOKO_S,Germany,,,,,,,,,,,,,,,,,,,,,
2025-11-20,TS_KOKO_S,Italy,,,,,,,,,,,,,,,,,,,,,
2025-11-20,TS_KOKO_S,United States,,,,,,,,,,,,,,,,,,,,,
2025-11-20,TS_slot,Australia,,,,,,,,,,,,,,,,,,,,,
2025-11-20,TS_slot,Austria,,,,,,,,,,,,,,,,,,,,,
2025-11-20,TS_slot,Canada,,,,,,,,,,,,,,,,,,,,,
2025-11-20,TS_slot,Country 3,,,,,,,,,,,,,,,,,,,,,
2025-11-20,TS_slot,Country 4,,,,,,,,,,,,,,,,,,,,,
2025-11-20,TS_slot,Germany,,,,,,,,,,,,,,,,,,,,,
2025-11-20,TS_slot,Hungary,,,,,,,,,,,,,,,,,,,,,
2025-11-20,TS_slot,Italy,,,,,,,,,,,,,,,,,,,,,
2025-11-20,TS_slot,Macedonia,,,,,,,,,,,,,,,,,,,,,
2025-11-20,TS_slot,Poland,,,,,,,,,,,,,,,,,,,,,
2025-11-20,TS_slot,Portugal,,,,,,,,,,,,,,,,,,,,,
2025-11-20,TS_slot,Switzerland,,,,,,,,,,,,,,,,,,,,,
2025-11-20,TS_TIGER_C,Country 1,,,,,,,,,,,,,,,,,,,,,
2025-11-20,TS_TIGER_C,Country 4,,,,,,,,,,,,,,,,,,,,,
2025-11-20,TS_TIGER_C,Germany,,,,,,,,,,,,,,,,,,,,,
2025-11-20,TS_TIGER_C,Ireland,,,,,,,,,,,,,,,,,,,,,
2025-11-20,TS_TIGER_C,Italy,,,,,,,,,,,,,,,,,,,,,
2025-11-20,TS_TIGER_C,Poland,,,,,,,,,,,,,,,,,,,,,
2025-11-20,TS_TIGER_C,Ukraine,,,,,,,,,,,,,,,,,,,,,
2025-11-20,TS_TIGER_S,Belgium,,,,,,,,,,,,,,,,,,,,,
2025-11-20,TS_TIGER_S,Country 1,,,,,,,,,,,,,,,,,,,,,
2025-11-20,TS_TIGER_S,Country 4,,,,,,,,,,,,,,,,,,,,,
2025-11-20,TS_TIGER_S,Denmark,,,,,,,,,,,,,,,,,,,,,
2025-11-20,TS_TIGER_S,Germany,,,,,,,,,,,,,,,,,,,,,
2025-11-20,TS_TIGER_S,Ireland,,,,,,,,,,,,,,,,,,,,,
2025-11-20,TS_TIGER_S,Italy,,,,,,,,,,,,,,,,,,,,,
2025-11-20,TS_TIGER_S,Poland,,,,,,,,,,,,,,,,,,,,,
2025-11-20,TS_TIGER_S,United States,,,,,,,,,,,,,,,,,,,,,
2025-11-20,Tsquad,Andorra,,,,,,,,,,,,,,,,,,,,,
2025-11-20,Tsquad,Australia,,,,,,,,,,,,,,,,,,,,,
2025-11-20,Tsquad,Austria,,,,,,,,,,,,,,,,,,,,,
2025-11-20,Tsquad,Belgium,,,,,,,,,,,,,,,,,,,,,
2025-11-20,Tsquad,Country 1,,,,,,,,,,,,,,,,,,,,,
2025-11-20,Tsquad,Country 3,,,,,,,,,,,,,,,,,,,,,
2025-11-20,Tsquad,Country 4,,,,,,,,,,,,,,,,,,,,,
2025-11-20,Tsquad,Czech Republic,,,,,,,,,,,,,,,,,,,,,
2025-11-20,Tsquad,Germany,,,,,,,,,,,,,,,,,,,,,
2025-11-20,Tsquad,Hungary,,,,,,,,,,,,,,,,,,,,,
2025-11-20,Tsquad,Italy,,,,,,,,,,,,,,,,,,,,,
2025-11-20,Tsquad,Luxembourg,,,,,,,,,,,,,,,,,,,,,
2025-11-20,Tsquad,Reunion,,,,,,,,,,,,,,,,,,,,,
2025-11-20,Tsquad,Romania,,,,,,,,,,,,,,,,,,,,,
2025-11-20,Tsquad,Switzerland,,,,,,,,,,,,,,,,,,,,,
2025-11-20,Tsquad_SPEND,Austria,2025-11-20,2.0,45.0,1.5,50.0,50.0,50.0,65.0,3.0,600005.0,65.0,3.0,65.0,65.0,300.0,33.0,33.0,33.0,33.0,33.0,0.0
2025-11-20,Tsquad_SPEND,Belgium,,,,,,,,,,,,,,,,,,,,,
2025-11-20,Tsquad_SPEND,Country 1,,,,,,,,,,,,,,,,,,,,,
2025-11-20,Tsquad_SPEND,Country 4,,,,,,,,,,,,,,,,,,,,,
2025-11-20,Tsquad_SPEND,Czech Republic,,,,,,,,,,,,,,,,,,,,,
2025-11-20,Tsquad_SPEND,Georgia,,,,,,,,,,,,,,,,,,,,,
2025-11-20,Tsquad_SPEND,Germany,,,,,,,,,,,,,,,,,,,,,
2025-11-20,Tsquad_SPEND,Greece,2025-11-20,1.0,20.0,1.0,0.0,0.0,0.0,20.0,1.0,20.0,20.0,1.0,20.0,20.0,200.0,3.0,3.0,3.0,3.0,3.0,0.0
2025-11-20,Tsquad_SPEND,Hungary,,,,,,,,,,,,,,,,,,,,,
2025-11-20,Tsquad_SPEND,Italy,2025-11-20,1.0,30.0,2.0,100.0,100.0,100.0,80.0,2.0,80.0,80.0,2.0,80.0,80.0,250.0,68.0,68.0,68.0,68.0,699998.0,0.0
2025-11-20,Tsquad_SPEND,Poland,,,,,,,,,,,,,,,,,,,,,
2025-11-20,Tsquad_SPEND,Slovakia,,,,,,,,,,,,,,,,,,,,,
2025-11-20,Tsquad_SPEND,Sweden,,,,,,,,,,,,,,,,,,,,,
2025-11-20,Tsquad_SPEND,Switzerland,,,,,,,,,,,,,,,,,,,,,
2025-11-20,Tsquad_SPEND,Ukraine,,,,,,,,,,,,,,,,,,,,,
2025-11-20,valeriiacpacrew,Country 1,,,,,,,,,,,,,,,,,,,,,
2025-11-20,valeriiacpacrew,Country 3,,,,,,,,,,,,,,,,,,,,,
2025-11-20,Viktortitov,Country 1,,,,,,,,,,,,,,,,,,,,,
2025-11-20,Viktortitov,Country 4,,,,,,,,,,,,,,,,,,,,,
2025-11-20,Viktortitov,Denmark,,,,,,,,,,,,,,,,,,,,,
2025-11-20,Viktortitov,Poland,,,,,,,,,,,,,,,,,,,,,
2025-11-20,z1-igor,Country 1,,,,,,,,,,,,,,,,,,,,,
2025-11-20,z1-igor,Country 3,,,,,,,,,,,,,,,,,,,,,
2025-11-20,z1-igor,Country 4,,,,,,,,,,,,,,,,,,,,,
2025-11-20,z1-igor,Italy,,,,,,,,,,,,,,,,,,,,,
2025-11-20,z1-igor,Poland,,,,,,,,,,,,,,,,,,,,,
2025-11-20,z1-igor,Portugal,,,,,,,,,,,,,,,,,,,,,
2025-11-20,Zeus_DE,Austria,,,,,,,,,,,,,,,,,,,,,
2025-11-20,Zeus_DE,Germany,,,,,,,,,,,,,,,,,,,,,
2025-11-20,ZM_aso_crash,Australia,,,,,,,,,,,,,,,,,,,,,
2025-11-20,ZM_aso_crash,Austria,,,,,,,,,,,,,,,,,,,,,
2025-11-20,ZM_aso_crash,Belgium,,,,,,,,,,,,,,,,,,,,,
2025-11-20,ZM_aso_crash,Canada,,,,,,,,,,,,,,,,,,,,,
2025-11-20,ZM_aso_crash,Country 1,,,,,,,,,,,,,,,,,,,,,
2025-11-20,ZM_aso_crash,Country 2,,,,,,,,,,,,,,,,,,,,,
2025-11-20,ZM_aso_crash,Country 3,,,,,,,,,,,,,,,,,,,,,
2025-11-20,ZM_aso_crash,Country 4,,,,,,,,,,,,,,,,,,,,,
2025-11-20,ZM_aso_crash,Czech Republic,,,,,,,,,,,,,,,,,,,,,
2025-11-20,ZM_aso_crash,Finland,,,,,,,,,,,,,,,,,,,,,
2025-11-20,ZM_aso_crash,Germany,,,,,,,,,,,,,,,,,,,,,
2025-11-20,ZM_aso_crash,Hungary,,,,,,,,,,,,,,,,,,,,,
2025-11-20,ZM_aso_crash,Ireland,,,,,,,,,,,,,,,,,,,,,
2025-11-20,ZM_aso_crash,Italy,,,,,,,,,,,,,,,,,,,,,
2025-11-20,ZM_aso_crash,Latvia,,,,,,,,,,,,,,,,,,,,,
2025-11-20,ZM_aso_crash,Norway,,,,,,,,,,,,,,,,,,,,,
2025-11-20,ZM_aso_crash,Poland,,,,,,,,,,,,,,,,,,,,,
2025-11-20,ZM_aso_crash,Portugal,,,,,,,,,,,,,,,,,,,,,
2025-11-20,ZM_aso_crash,Russia,,,,,,,,,,,,,,,,,,,,,
2025-11-20,ZM_aso_crash,Singapore,,,,,,,,,,,,,,,,,,,,,
2025-11-20,ZM_aso_crash,Switzerland,,,,,,,,,,,,,,,,,,,,,
2025-11-20,ZM_aso_crash,United States,,,,,,,,,,,,,,,,,,,,,
2025-11-20,zm_aso_slots,Australia,,,,,,,,,,,,,,,,,,,,,
2025-11-20,zm_aso_slots,Austria,,,,,,,,,,,,,,,,,,,,,
2025-11-20,zm_aso_slots,Belgium,,,,,,,,,,,,,,,,,,,,,
2025-11-20,zm_aso_slots,Canada,,,,,,,,,,,,,,,,,,,,,
2025-11-20,zm_aso_slots,Country 1,,,,,,,,,,,,,,,,,,,,,
2025-11-20,zm_aso_slots,Country 2,,,,,,,,,,,,,,,,,,,,,
2025-11-20,zm_aso_slots,Country 3,,,,,,,,,,,,,,,,,,,,,
2025-11-20,zm_aso_slots,Country 4,,,,,,,,,,,,,,,,,,,,,
2025-11-20,zm_aso_slots,Czech Republic,,,,,,,,,,,,,,,,,,,,,
2025-11-20,zm_aso_slots,Germany,,,,,,,,,,,,,,,,,,,,,
2025-11-20,zm_aso_slots,Greece,,,,,,,,,,,,,,,,,,,,,
2025-11-20,zm_aso_slots,Hungary,,,,,,,,,,,,,,,,,,,,,
2025-11-20,zm_aso_slots,Indonesia,,,,,,,,,,,,,,,,,,,,,
2025-11-20,zm_aso_slots,Italy,,,,,,,,,,,,,,,,,,,,,
2025-11-20,zm_aso_slots,Norway,,,,,,,,,,,,,,,,,,,,,
2025-11-20,zm_aso_slots,Poland,,,,,,,,,,,,,,,,,,,,,
2025-11-20,zm_aso_slots,Russia,,,,,,,,,,,,,,,,,,,,,
2025-11-20,zm_aso_slots,Switzerland,,,,,,,,,,,,,,,,,,,,,
2025-11-20,zm_crash,Albania,,,,,,,,,,,,,,,,,,,,,
2025-11-20,zm_crash,Algeria,,,,,,,,,,,,,,,,,,,,,
2025-11-20,zm_crash,Andorra,,,,,,,,,,,,,,,,,,,,,
2025-11-20,zm_crash,Angola,,,,,,,,,,,,,,,,,,,,,
2025-11-20,zm_crash,Argentina,,,,,,,,,,,,,,,,,,,,,
2025-11-20,zm_crash,Australia,,,,,,,,,,,,,,,,,,,,,
2025-11-20,zm_crash,Austria,,,,,,,,,,,,,,,,,,,,,
2025-11-20,zm_crash,Belgium,2025-11-20,0.0,0.0,,,,,0.0,0.0,0.0,0.0,0.0,0.0,0.0,,,,,,,
2025-11-20,zm_crash,Bermuda,,,,,,,,,,,,,,,,,,,,,
2025-11-20,zm_crash,Brazil,,,,,,,,,,,,,,,,,,,,,
2025-11-20,zm_crash,Bulgaria,,,,,,,,,,,,,,,,,,,,,
2025-11-20,zm_crash,Canada,2025-11-20,2.0,62.0,1.0,0.0,0.0,0.0,62.0,2.0,62.0,62.0,2.0,62.0,62.0,260.0,26.0,26.0,26.0,26.0,26.0,0.0
2025-11-20,zm_crash,Cape Verde,,,,,,,,,,,,,,,,,,,,,
2025-11-20,zm_crash,China,,,,,,,,,,,,,,,,,,,,,
2025-11-20,zm_crash,Cook Islands,,,,,,,,,,,,,,,,,,,,,
2025-11-20,zm_crash,Country 1,,,,,,,,,,,,,,,,,,,,,
2025-11-20,zm_crash,Country 2,,,,,,,,,,,,,,,,,,,,,
2025-11-20,zm_crash,Country 3,,,,,,,,,,,,,,,,,,,,,
2025-11-20,zm_crash,Country 4,,,,,,,,,,,,,,,,,,,,,
2025-11-20,zm_crash,Croatia,,,,,,,,,,,,,,,,,,,,,
2025-11-20,zm_crash,Czech Republic,,,,,,,,,,,,,,,,,,,,,
2025-11-20,zm_crash,Denmark,,,,,,,,,,,,,,,,,,,,,
2025-11-20,zm_crash,Egypt,,,,,,,,,,,,,,,,,,,,,
2025-11-20,zm_crash,Estonia,,,,,,,,,,,,,,,,,,,,,
2025-11-20,zm_crash,Fiji,,,,,,,,,,,,,,,,,,,,,
2025-11-20,zm_crash,Finland,,,,,,,,,,,,,,,,,,,,,
2025-11-20,zm_crash,Germany,,,,,,,,,,,,,,,,,,,,,
2025-11-20,zm_crash,Greece,,,,,,,,,,,,,,,,,,,,,
2025-11-20,zm_crash,Guadaloupe,,,,,,,,,,,,,,,,,,,,,
2025-11-20,zm_crash,Guinea-Bissau,,,,,,,,,,,,,,,,,,,,,
2025-11-20,zm_crash,Hong Kong,,,,,,,,,,,,,,,,,,,,,
2025-11-20,zm_crash,Hungary,,,,,,,,,,,,,,,,,,,,,
2025-11-20,zm_crash,India,,,,,,,,,,,,,,,,,,,,,
2025-11-20,zm_crash,Indonesia,,,,,,,,,,,,,,,,,,,,,
2025-11-20,zm_crash,Iraq,,,,,,,,,,,,,,,,,,,,,
2025-11-20,zm_crash,Ireland,,,,,,,,,,,,,,,,,,,,,
2025-11-20,zm_crash,Italy,,,,,,,,,,,,,,,,,,,,,
2025-11-20,zm_crash,Ivory Coast,,,,,,,,,,,,,,,,,,,,,
2025-11-20,zm_crash,Japan,,,,,,,,,,,,,,,,,,,,,
2025-11-20,zm_crash,Jersey,,,,,,,,,,,,,,,,,,,,,
2025-11-20,zm_crash,Jordan,,,,,,,,,,,,,,,,,,,,,
2025-11-20,zm_crash,Kazakhstan,,,,,,,,,,,,,,,,,,,,,
2025-11-20,zm_crash,Kosovo,,,,,,,,,,,,,,,,,,,,,
2025-11-20,zm_crash,Lebanon,,,,,,,,,,,,,,,,,,,,,
2025-11-20,zm_crash,Lithuania,,,,,,,,,,,,,,,,,,,,,
2025-11-20,zm_crash,Luxembourg,,,,,,,,,,,,,,,,,,,,,
2025-11-20,zm_crash,Macedonia,,,,,,,,,,,,,,,,,,,,,
2025-11-20,zm_crash,Maldives,,,,,,,,,,,,,,,,,,,,,
2025-11-20,zm_crash,Martinique,,,,,,,,,,,,,,,,,,,,,
2025-11-20,zm_crash,Mexico,,,,,,,,,,,,,,,,,,,,,
2025-11-20,zm_crash,Moldava,,,,,,,,,,,,,,,,,,,,,
2025-11-20,zm_crash,Montenegro,,,,,,,,,,,,,,,,,,,,,
2025-11-20,zm_crash,Morocco,,,,,,,,,,,,,,,,,,,,,
2025-11-20,zm_crash,Mozambique,,,,,,,,,,,,,,,,,,,,,
2025-11-20,zm_crash,Nepal,,,,,,,,,,,,,,,,,,,,,
2025-11-20,zm_crash,New Zealand,,,,,,,,,,,,,,,,,,,,,
2025-11-20,zm_crash,Nigeria,,,,,,,,,,,,,,,,,,,,,
2025-11-20,zm_crash,Norway,,,,,,,,,,,,,,,,,,,,,
2025-11-20,zm_crash,Papua New Guinea,,,,,,,,,,,,,,,,,,,,,
2025-11-20,zm_crash,Paraguay,,,,,,,,,,,,,,,,,,,,,
2025-11-20,zm_crash,Phillipines,,,,,,,,,,,,,,,,,,,,,
2025-11-20,zm_crash,Poland,2025-11-20,1.0,19.0,1.0,0.0,0.0,0.0,19.0,1.0,19.0,19.0,1.0,19.0,19.0,100.0,17.0,17.0,17.0,17.0,17.0,0.0
2025-11-20,zm_crash,Portugal,,,,,,,,,,,,,,,,,,,,,
2025-11-20,zm_crash,Reunion,,,,,,,,,,,,,,,,,,,,,
2025-11-20,zm_crash,Romania,,,,,,,,,,,,,,,,,,,,,
2025-11-20,zm_crash,Russia,,,,,,,,,,,,,,,,,,,,,
2025-11-20,zm_crash,Saint Lucia,,,,,,,,,,,,,,,,,,,,,
2025-11-20,zm_crash,Samoa,,,,,,,,,,,,,,,,,,,,,
2025-11-20,zm_crash,San Marino,,,,,,,,,,,,,,,,,,,,,
2025-11-20,zm_crash,Sao Tome and Principe,,,,,,,,,,,,,,,,,,,,,
2025-11-20,zm_crash,Saudi Arabia,,,,,,,,,,,,,,,,,,,,,
2025-11-20,zm_crash,Senegal,,,,,,,,,,,,,,,,,,,,,
2025-11-20,zm_crash,Serbia,,,,,,,,,,,,,,,,,,,,,
2025-11-20,zm_crash,Singapore,,,,,,,,,,,,,,,,,,,,,
2025-11-20,zm_crash,Slovakia,,,,,,,,,,,,,,,,,,,,,
2025-11-20,zm_crash,Solomon Islands,,,,,,,,,,,,,,,,,,,,,
2025-11-20,zm_crash,South Africa,,,,,,,,,,,,,,,,,,,,,
2025-11-20,zm_crash,Sweden,,,,,,,,,,,,,,,,,,,,,
2025-11-20,zm_crash,Switzerland,,,,,,,,,,,,,,,,,,,,,
2025-11-20,zm_crash,Thailand,,,,,,,,,,,,,,,,,,,,,
2025-11-20,zm_crash,Togo,,,,,,,,,,,,,,,,,,,,,
2025-11-20,zm_crash,Tonga,,,,,,,,,,,,,,,,,,,,,
2025-11-20,zm_crash,Tunisia,,,,,,,,,,,,,,,,,,,,,
2025-11-20,zm_crash,Turkey,,,,,,,,,,,,,,,,,,,,,
2025-11-20,zm_crash,Tuvalu,,,,,,,,,,,,,,,,,,,,,
2025-11-20,zm_crash,Ukraine,,,,,,,,,,,,,,,,,,,,,
2025-11-20,zm_crash,United Arab Emirates,,,,,,,,,,,,,,,,,,,,,
2025-11-20,zm_crash,United States,,,,,,,,,,,,,,,,,,,,,
2025-11-20,zm_crash,Vanuatu,,,,,,,,,,,,,,,,,,,,,
2025-11-20,zm_crash,Venezuela,,,,,,,,,,,,,,,,,,,,,
2025-11-20,zm_crash,Vietnam,,,,,,,,,,,,,,,,,,,,,
2025-11-20,zm_inapp_crash,Argentina,,,,,,,,,,,,,,,,,,,,,
2025-11-20,zm_inapp_crash,Australia,,,,,,,,,,,,,,,,,,,,,
2025-11-20,zm_inapp_crash,Austria,,,,,,,,,,,,,,,,,,,,,
2025-11-20,zm_inapp_crash,Belgium,2025-11-20,0.0,0.0,,,,,0.0,0.0,0.0,0.0,0.0,0.0,0.0,0.0,0.0,0.0,0.0,0.0,0.0,
2025-11-20,zm_inapp_crash,Canada,,,,,,,,,,,,,,,,,,,,,
2025-11-20,zm_inapp_crash,Country 1,,,,,,,,,,,,,,,,,,,,,
2025-11-20,zm_inapp_crash,Country 2,,,,,,,,,,,,,,,,,,,,,
2025-11-20,zm_inapp_crash,Country 3,2025-11-20,0.0,0.0,,,,,0.0,0.0,0.0,0.0,0.0,0.0,0.0,,0.0,0.0,0.0,0.0,0.0,
2025-11-20,zm_inapp_crash,Country 4,,,,,,,,,,,,,,,,,,,,,
2025-11-20,zm_inapp_crash,Cyprus,,,,,,,,,,,,,,,,,,,,,
2025-11-20,zm_inapp_crash,Czech Republic,2025-11-20,0.0,0.0,,,,,0.0,0.0,0.0,0.0,0.0,0.0,0.0,,,,,,,
2025-11-20,zm_inapp_crash,Denmark,,,,,,,,,,,,,,,,,,,,,
2025-11-20,zm_inapp_crash,Estonia,,,,,,,,,,,,,,,,,,,,,
2025-11-20,zm_inapp_crash,Georgia,,,,,,,,,,,,,,,,,,,,,
2025-11-20,zm_inapp_crash,Germany,,,,,,,,,,,,,,,,,,,,,
2025-11-20,zm_inapp_crash,Greece,,,,,,,,,,,,,,,,,,,,,
2025-11-20,zm_inapp_crash,Italy,2025-11-20,4.0,90.0,1.0,0.0,0.0,0.0,90.0,4.0,90.0,90.0,4.0,90.0,90.0,520.0,73.0,73.0,73.0,73.0,73.0,0.0
2025-11-20,zm_inapp_crash,Poland,2025-11-20,0.0,0.0,,,,,0.0,0.0,0.0,0.0,0.0,0.0,0.0,,0.0,0.0,0.0,0.0,0.0,
2025-11-20,zm_inapp_crash,Serbia,,,,,,,,,,,,,,,,,,,,,
2025-11-20,zm_inapp_crash,United States,,,,,,,,,,,,,,,,,,,,,
2025-11-20,zm_inapp_slot,Austria,,,,,,,,,,,,,,,,,,,,,
2025-11-20,zm_inapp_slot,Belgium,,,,,,,,,,,,,,,,,,,,,
2025-11-20,zm_inapp_slot,Country 1,,,,,,,,,,,,,,,,,,,,,
2025-11-20,zm_inapp_slot,Country 3,,,,,,,,,,,,,,,,,,,,,
2025-11-20,zm_inapp_slot,Country 4,,,,,,,,,,,,,,,,,,,,,
2025-11-20,zm_inapp_slot,Germany,,,,,,,,,,,,,,,,,,,,,
2025-11-20,zm_slot,Albania,,,,,,,,,,,,,,,,,,,,,
2025-11-20,zm_slot,Australia,,,,,,,,,,,,,,,,,,,,,
2025-11-20,zm_slot,Austria,,,,,,,,,,,,,,,,,,,,,
2025-11-20,zm_slot,Bangladesh,,,,,,,,,,,,,,,,,,,,,
2025-11-20,zm_slot,Belgium,,,,,,,,,,,,,,,,,,,,,
2025-11-20,zm_slot,Brazil,,,,,,,,,,,,,,,,,,,,,
2025-11-20,zm_slot,Canada,,,,,,,,,,,,,,,,,,,,,
2025-11-20,zm_slot,Chile,,,,,,,,,,,,,,,,,,,,,
2025-11-20,zm_slot,Country 1,,,,,,,,,,,,,,,,,,,,,
2025-11-20,zm_slot,Country 2,,,,,,,,,,,,,,,,,,,,,
2025-11-20,zm_slot,Country 3,,,,,,,,,,,,,,,,,,,,,
2025-11-20,zm_slot,Country 4,,,,,,,,,,,,,,,,,,,,,
2025-11-20,zm_slot,Czech Republic,2025-11-20,0.0,0.0,,,,,0.0,0.0,0.0,0.0,0.0,0.0,0.0,,0.0,0.0,0.0,0.0,0.0,
2025-11-20,zm_slot,Denmark,,,,,,,,,,,,,,,,,,,,,
2025-11-20,zm_slot,Egypt,,,,,,,,,,,,,,,,,,,,,
2025-11-20,zm_slot,Finland,,,,,,,,,,,,,,,,,,,,,
2025-11-20,zm_slot,Germany,,,,,,,,,,,,,,,,,,,,,
2025-11-20,zm_slot,Greece,,,,,,,,,,,,,,,,,,,,,
2025-11-20,zm_slot,Hong Kong,,,,,,,,,,,,,,,,,,,,,
2025-11-20,zm_slot,Hungary,,,,,,,,,,,,,,,,,,,,,
2025-11-20,zm_slot,India,,,,,,,,,,,,,,,,,,,,,
2025-11-20,zm_slot,Ireland,,,,,,,,,,,,,,,,,,,,,
2025-11-20,zm_slot,Italy,2025-11-20,1.0,20.0,1.0,0.0,0.0,0.0,20.0,1.0,20.0,20.0,1.0,20.0,20.0,0.0,18.0,18.0,18.0,18.0,18.0,0.0
2025-11-20,zm_slot,Kazakhstan,,,,,,,,,,,,,,,,,,,,,
2025-11-20,zm_slot,Martinique,,,,,,,,,,,,,,,,,,,,,
2025-11-20,zm_slot,Mexico,,,,,,,,,,,,,,,,,,,,,
2025-11-20,zm_slot,Montenegro,,,,,,,,,,,,,,,,,,,,,
2025-11-20,zm_slot,Nigeria,,,,,,,,,,,,,,,,,,,,,
2025-11-20,zm_slot,Norway,,,,,,,,,,,,,,,,,,,,,
2025-11-20,zm_slot,Peru,,,,,,,,,,,,,,,,,,,,,
2025-11-20,zm_slot,Phillipines,,,,,,,,,,,,,,,,,,,,,
2025-11-20,zm_slot,Poland,2025-11-20,0.0,0.0,,,,,0.0,0.0,0.0,0.0,0.0,0.0,0.0,,,,,,,
2025-11-20,zm_slot,Portugal,,,,,,,,,,,,,,,,,,,,,
2025-11-20,zm_slot,Romania,,,,,,,,,,,,,,,,,,,,,
2025-11-20,zm_slot,Russia,,,,,,,,,,,,,,,,,,,,,
2025-11-20,zm_slot,Saudi Arabia,,,,,,,,,,,,,,,,,,,,,
2025-11-20,zm_slot,Sweden,,,,,,,,,,,,,,,,,,,,,
2025-11-20,zm_slot,Switzerland,,,,,,,,,,,,,,,,,,,,,
2025-11-20,zm_slot,Tunisia,,,,,,,,,,,,,,,,,,,,,
2025-11-20,zm_slot,Ukraine,,,,,,,,,,,,,,,,,,,,,
2025-11-20,zm_slot,United Arab Emirates,,,,,,,,,,,,,,,,,,,,,
2025-11-20,zm_slot,United States,,,,,,,,,,,,,,,,,,,,,
2025-11-19,,Australia,2025-11-19,0.0,0.0,,,,,0.0,0.0,0.0,0.0,0.0,0.0,0.0,0.0,0.0,0.0,0.0,0.0,0.0,
2025-11-19,,Austria,2025-11-19,0.0,0.0,,,,,0.0,0.0,0.0,0.0,0.0,0.0,0.0,0.0,0.0,0.0,0.0,0.0,0.0,
2025-11-19,,Belarus,,,,,,,,,,,,,,,,,,,,,
2025-11-19,,Belgium,2025-11-19,0.0,0.0,,,,,0.0,0.0,0.0,0.0,0.0,0.0,0.0,0.0,0.0,0.0,0.0,0.0,0.0,
2025-11-19,,Canada,2025-11-19,0.0,0.0,,,,,0.0,0.0,0.0,0.0,0.0,0.0,0.0,0.0,0.0,0.0,0.0,0.0,0.0,
2025-11-19,,China,,,,,,,,,,,,,,,,,,,,,
2025-11-19,,Country 1,2025-11-19,0.0,0.0,,,,,0.0,0.0,0.0,0.0,0.0,0.0,0.0,0.0,0.0,0.0,0.0,0.0,0.0,
2025-11-19,,Country 3,2025-11-19,0.0,0.0,,,,,0.0,0.0,0.0,0.0,0.0,0.0,0.0,0.0,0.0,0.0,0.0,0.0,0.0,
2025-11-19,,Country 4,,,,,,,,,,,,,,,,,,,,,
2025-11-19,,Croatia,,,,,,,,,,,,,,,,,,,,,
2025-11-19,,Czech Republic,2025-11-19,0.0,0.0,,,,,0.0,0.0,0.0,0.0,0.0,0.0,0.0,0.0,0.0,0.0,0.0,0.0,0.0,
2025-11-19,,Denmark,2025-11-19,0.0,0.0,,,,,0.0,0.0,0.0,0.0,0.0,0.0,0.0,0.0,0.0,0.0,0.0,0.0,0.0,
2025-11-19,,Finland,,,,,,,,,,,,,,,,,,,,,
2025-11-19,,Germany,2025-11-19,0.0,0.0,,,,,0.0,0.0,0.0,0.0,0.0,0.0,0.0,0.0,0.0,0.0,0.0,0.0,0.0,
2025-11-19,,Greece,2025-11-19,0.0,0.0,,,,,0.0,0.0,0.0,0.0,0.0,0.0,0.0,0.0,0.0,0.0,0.0,0.0,0.0,
2025-11-19,,Hungary,2025-11-19,0.0,0.0,,,,,0.0,0.0,0.0,0.0,0.0,0.0,0.0,0.0,0.0,0.0,0.0,0.0,0.0,
2025-11-19,,Ireland,,,,,,,,,,,,,,,,,,,,,
2025-11-19,,Italy,2025-11-19,0.0,0.0,,,,,0.0,0.0,0.0,0.0,0.0,0.0,0.0,0.0,0.0,0.0,0.0,0.0,0.0,
2025-11-19,,Kazakhstan,,,,,,,,,,,,,,,,,,,,,
2025-11-19,,Latvia,2025-11-19,0.0,0.0,,,,,0.0,0.0,0.0,0.0,0.0,0.0,0.0,0.0,0.0,0.0,0.0,0.0,0.0,
2025-11-19,,New Zealand,2025-11-19,0.0,0.0,,,,,0.0,0.0,0.0,0.0,0.0,0.0,0.0,0.0,0.0,0.0,0.0,0.0,0.0,
2025-11-19,,Norway,2025-11-19,0.0,0.0,,,,,0.0,0.0,0.0,0.0,0.0,0.0,0.0,0.0,0.0,0.0,0.0,0.0,0.0,
2025-11-19,,Poland,2025-11-19,0.0,0.0,,,,,0.0,0.0,0.0,0.0,0.0,0.0,0.0,0.0,0.0,0.0,0.0,0.0,0.0,
2025-11-19,,Portugal,,,,,,,,,,,,,,,,,,,,,
2025-11-19,,Romania,,,,,,,,,,,,,,,,,,,,,
2025-11-19,,Russia,,,,,,,,,,,,,,,,,,,,,
2025-11-19,,Slovakia,,,,,,,,,,,,,,,,,,,,,
2025-11-19,,Slovenia,2025-11-19,0.0,0.0,,,,,0.0,0.0,0.0,0.0,0.0,0.0,0.0,0.0,0.0,0.0,0.0,0.0,0.0,
2025-11-19,,Switzerland,2025-11-19,0.0,0.0,,,,,0.0,0.0,0.0,0.0,0.0,0.0,0.0,0.0,0.0,0.0,0.0,0.0,0.0,
2025-11-19,,Ukraine,,,,,,,,,,,,,,,,,,,,,
2025-11-19,,United Arab Emirates,,,,,,,,,,,,,,,,,,,,,
2025-11-19,,United States,,,,,,,,,,,,,,,,,,,,,
2025-11-19,044agency,Australia,,,,,,,,,,,,,,,,,,,,,
2025-11-19,044agency,Belgium,,,,,,,,,,,,,,,,,,,,,
2025-11-19,044agency,Canada,,,,,,,,,,,,,,,,,,,,,
2025-11-19,044agency,Colombia,,,,,,,,,,,,,,,,,,,,,
2025-11-19,044agency,Country 1,,,,,,,,,,,,,,,,,,,,,
2025-11-19,044agency,Country 2,,,,,,,,,,,,,,,,,,,,,
2025-11-19,044agency,Country 3,,,,,,,,,,,,,,,,,,,,,
2025-11-19,044agency,Finland,,,,,,,,,,,,,,,,,,,,,
2025-11-19,044agency,Germany,,,,,,,,,,,,,,,,,,,,,
2025-11-19,044agency,Hungary,2025-11-19,0.0,0.0,,,,,0.0,0.0,0.0,0.0,0.0,0.0,0.0,0.0,0.0,0.0,0.0,0.0,0.0,
2025-11-19,044agency,Ireland,,,,,,,,,,,,,,,,,,,,,
2025-11-19,044agency,Laos,,,,,,,,,,,,,,,,,,,,,
2025-11-19,044agency,Malaysia,,,,,,,,,,,,,,,,,,,,,
2025-11-19,044agency,New Zealand,,,,,,,,,,,,,,,,,,,,,
2025-11-19,044agency,Norway,,,,,,,,,,,,,,,,,,,,,
2025-11-19,044agency,Poland,2025-11-19,0.0,0.0,,,,,0.0,0.0,0.0,0.0,0.0,0.0,0.0,0.0,0.0,0.0,0.0,0.0,0.0,
2025-11-19,044agency,Portugal,,,,,,,,,,,,,,,,,,,,,
2025-11-19,044agency,Romania,,,,,,,,,,,,,,,,,,,,,
2025-11-19,044agency,Serbia,,,,,,,,,,,,,,,,,,,,,
2025-11-19,044agency,Seychelles,,,,,,,,,,,,,,,,,,,,,
2025-11-19,044agency,Singapore,,,,,,,,,,,,,,,,,,,,,
2025-11-19,044agency,South Africa,,,,,,,,,,,,,,,,,,,,,
2025-11-19,044agency,Switzerland,,,,,,,,,,,,,,,,,,,,,
2025-11-19,AcePartners,Algeria,,,,,,,,,,,,,,,,,,,,,
2025-11-19,AcePartners,Austria,,,,,,,,,,,,,,,,,,,,,
2025-11-19,AcePartners,Bangladesh,,,,,,,,,,,,,,,,,,,,,
2025-11-19,AcePartners,Belgium,,,,,,,,,,,,,,,,,,,,,
2025-11-19,AcePartners,Canada,,,,,,,,,,,,,,,,,,,,,
2025-11-19,AcePartners,Country 1,,,,,,,,,,,,,,,,,,,,,
2025-11-19,AcePartners,Country 3,,,,,,,,,,,,,,,,,,,,,
2025-11-19,AcePartners,Country 4,,,,,,,,,,,,,,,,,,,,,
2025-11-19,AcePartners,Croatia,,,,,,,,,,,,,,,,,,,,,
2025-11-19,AcePartners,Germany,,,,,,,,,,,,,,,,,,,,,
2025-11-19,AcePartners,Greece,,,,,,,,,,,,,,,,,,,,,
2025-11-19,AcePartners,Guinea-Bissau,,,,,,,,,,,,,,,,,,,,,
2025-11-19,AcePartners,Italy,,,,,,,,,,,,,,,,,,,,,
2025-11-19,AcePartners,Ivory Coast,2025-11-19,0.0,0.0,,,,,0.0,0.0,0.0,0.0,0.0,0.0,0.0,0.0,0.0,0.0,0.0,0.0,0.0,
2025-11-19,AcePartners,Malta,,,,,,,,,,,,,,,,,,,,,
2025-11-19,AcePartners,Mexico,,,,,,,,,,,,,,,,,,,,,
2025-11-19,AcePartners,Norway,2025-11-19,0.0,0.0,,,,,0.0,0.0,0.0,0.0,0.0,0.0,0.0,0.0,0.0,0.0,0.0,0.0,0.0,
2025-11-19,AcePartners,Poland,,,,,,,,,,,,,,,,,,,,,
2025-11-19,AcePartners,Portugal,,,,,,,,,,,,,,,,,,,,,
2025-11-19,AcePartners,Russia,,,,,,,,,,,,,,,,,,,,,
2025-11-19,AcePartners,Switzerland,,,,,,,,,,,,,,,,,,,,,
2025-11-19,AcePartners,Tunisia,,,,,,,,,,,,,,,,,,,,,
2025-11-19,AcePartners,United States,,,,,,,,,,,,,,,,,,,,,
2025-11-19,AcePartners,Uzbekistan,,,,,,,,,,,,,,,,,,,,,
2025-11-19,Ads2Bets,Canada,,,,,,,,,,,,,,,,,,,,,
2025-11-19,Ads2Bets,Country 1,,,,,,,,,,,,,,,,,,,,,
2025-11-19,Ads2Bets,Country 2,,,,,,,,,,,,,,,,,,,,,
2025-11-19,Ads2Bets,Country 3,,,,,,,,,,,,,,,,,,,,,
2025-11-19,Ads2Bets,Finland,,,,,,,,,,,,,,,,,,,,,
2025-11-19,Ads2Bets,Germany,,,,,,,,,,,,,,,,,,,,,
2025-11-19,Ads2Bets,Italy,,,,,,,,,,,,,,,,,,,,,
2025-11-19,Ads2Bets,Norway,,,,,,,,,,,,,,,,,,,,,
2025-11-19,Ads2Bets,Poland,,,,,,,,,,,,,,,,,,,,,
2025-11-19,Ads2Bets,Ukraine,,,,,,,,,,,,,,,,,,,,,
2025-11-19,Ads2Bets,United States,,,,,,,,,,,,,,,,,,,,,
2025-11-19,AdvertiseCrash,Austria,2025-11-19,0.0,0.0,,,,,0.0,0.0,0.0,0.0,0.0,0.0,0.0,0.0,0.0,0.0,0.0,0.0,0.0,
2025-11-19,AdvertiseCrash,Country 1,,,,,,,,,,,,,,,,,,,,,
2025-11-19,AdvertiseCrash,Country 3,,,,,,,,,,,,,,,,,,,,,
2025-11-19,AdvertiseCrash,Germany,2025-11-19,0.0,0.0,,,,,0.0,0.0,0.0,0.0,0.0,0.0,0.0,0.0,0.0,0.0,0.0,0.0,0.0,
2025-11-19,AdvertiseCrash,Italy,,,,,,,,,,,,,,,,,,,,,
2025-11-19,AdvertiseCrash,Portugal,,,,,,,,,,,,,,,,,,,,,
2025-11-19,AdvertiseSlots,Country 1,,,,,,,,,,,,,,,,,,,,,
2025-11-19,AdvertiseSlots,Finland,,,,,,,,,,,,,,,,,,,,,
2025-11-19,AdvertiseSlots,Greece,,,,,,,,,,,,,,,,,,,,,
2025-11-19,AdvertiseSlots,Poland,,,,,,,,,,,,,,,,,,,,,
2025-11-19,AdvertiseSlots,Portugal,,,,,,,,,,,,,,,,,,,,,
2025-11-19,AdvertiseSlots,Switzerland,,,,,,,,,,,,,,,,,,,,,
2025-11-19,AdvertiseSlots,United States,,,,,,,,,,,,,,,,,,,,,
2025-11-19,AffNet,Belgium,,,,,,,,,,,,,,,,,,,,,
2025-11-19,AffNet,Country 1,,,,,,,,,,,,,,,,,,,,,
2025-11-19,AffNet,Country 3,,,,,,,,,,,,,,,,,,,,,
2025-11-19,AffNet,Country 4,,,,,,,,,,,,,,,,,,,,,
2025-11-19,AffNet,United States,,,,,,,,,,,,,,,,,,,,,
2025-11-19,AffRain,Austria,,,,,,,,,,,,,,,,,,,,,
2025-11-19,AffRain,Belgium,,,,,,,,,,,,,,,,,,,,,
2025-11-19,AffRain,Country 1,,,,,,,,,,,,,,,,,,,,,
2025-11-19,AffRain,Country 3,,,,,,,,,,,,,,,,,,,,,
2025-11-19,AffRain,Hungary,,,,,,,,,,,,,,,,,,,,,
2025-11-19,AffRain,Poland,,,,,,,,,,,,,,,,,,,,,
2025-11-19,AffRain,Portugal,2025-11-19,0.0,0.0,,,,,0.0,0.0,0.0,0.0,0.0,0.0,0.0,0.0,0.0,0.0,0.0,0.0,0.0,
2025-11-19,AffRain,Ukraine,,,,,,,,,,,,,,,,,,,,,
2025-11-19,AlexyAlex,Country 1,,,,,,,,,,,,,,,,,,,,,
2025-11-19,AlexyAlex,Germany,,,,,,,,,,,,,,,,,,,,,
2025-11-19,AlexyAlex,Serbia,,,,,,,,,,,,,,,,,,,,,
2025-11-19,Art_PC,Country 3,,,,,,,,,,,,,,,,,,,,,
2025-11-19,bigtraff,Country 1,,,,,,,,,,,,,,,,,,,,,
2025-11-19,bigtraff,Country 3,,,,,,,,,,,,,,,,,,,,,
2025-11-19,bigtraff,Country 4,,,,,,,,,,,,,,,,,,,,,
2025-11-19,bigtraff,Germany,,,,,,,,,,,,,,,,,,,,,
2025-11-19,bigtraff,Italy,,,,,,,,,,,,,,,,,,,,,
2025-11-19,bigtraff,Mayotte,,,,,,,,,,,,,,,,,,,,,
2025-11-19,bigtraff,Poland,,,,,,,,,,,,,,,,,,,,,
2025-11-19,bigtraff,Reunion,,,,,,,,,,,,,,,,,,,,,
2025-11-19,bigtraff,Syria,,,,,,,,,,,,,,,,,,,,,
2025-11-19,bulls,Albania,,,,,,,,,,,,,,,,,,,,,
2025-11-19,bulls,Andorra,,,,,,,,,,,,,,,,,,,,,
2025-11-19,bulls,Australia,2025-11-19,0.0,0.0,,,,,0.0,0.0,0.0,0.0,0.0,0.0,0.0,0.0,0.0,0.0,0.0,0.0,0.0,
2025-11-19,bulls,Austria,,,,,,,,,,,,,,,,,,,,,
2025-11-19,bulls,Canada,,,,,,,,,,,,,,,,,,,,,
2025-11-19,bulls,Country 1,,,,,,,,,,,,,,,,,,,,,
2025-11-19,bulls,Country 3,,,,,,,,,,,,,,,,,,,,,
2025-11-19,bulls,Country 4,,,,,,,,,,,,,,,,,,,,,
2025-11-19,bulls,Denmark,,,,,,,,,,,,,,,,,,,,,
2025-11-19,bulls,Germany,,,,,,,,,,,,,,,,,,,,,
2025-11-19,bulls,Ireland,,,,,,,,,,,,,,,,,,,,,
2025-11-19,bulls,Italy,,,,,,,,,,,,,,,,,,,,,
2025-11-19,bulls,Poland,,,,,,,,,,,,,,,,,,,,,
2025-11-19,bulls,Portugal,,,,,,,,,,,,,,,,,,,,,
2025-11-19,bulls,Reunion,,,,,,,,,,,,,,,,,,,,,
2025-11-19,bulls,Singapore,,,,,,,,,,,,,,,,,,,,,
2025-11-19,bulls,Sweden,,,,,,,,,,,,,,,,,,,,,
2025-11-19,bulls,Switzerland,,,,,,,,,,,,,,,,,,,,,
2025-11-19,bulls,Ukraine,,,,,,,,,,,,,,,,,,,,,
2025-11-19,bulls,United States,,,,,,,,,,,,,,,,,,,,,
2025-11-19,Bulls2,Canada,,,,,,,,,,,,,,,,,,,,,
2025-11-19,Bulls2,Country 1,,,,,,,,,,,,,,,,,,,,,
2025-11-19,Bulls2,Country 3,,,,,,,,,,,,,,,,,,,,,
